timestamp_utc,symbol,open_price,prev_open_old,window_min_old,window_max_old,judge_buy_old,judge_sell_old,confidence_old,order_side_old,order_qty_old,executed_old,start_point_old,judge_buy_new,judge_sell_new,confidence_new,order_side_new,order_qty_new,executed_new,start_point_ts_new,new_start_index,judge_match,order_match
2026-02-03T20:30:00+00:00,HIMS,25.08,25.26,24.85,27.275,False,False,0.5,,0.0,False,0,False,False,0.5,,0.0,False,,1,True,True
2026-02-03T21:00:00+00:00,HIMS,25.73,25.08,24.85,27.235,True,False,0.53782008,BUY,8.0,True,25,True,False,0.53782008,BUY,8.0,True,2026-02-03T20:30:00+00:00,2,True,True
2026-02-04T13:30:00+00:00,HIMS,25.5,25.73,25.08,25.73,False,False,0.5,,0.0,False,25,False,False,0.5,,0.0,False,2026-02-03T20:30:00+00:00,25,True,True
2026-02-04T14:00:00+00:00,HIMS,26.88,25.5,25.08,25.73,False,False,0.5,,0.0,False,25,False,False,0.5,,0.0,False,2026-02-03T20:30:00+00:00,25,True,True
2026-02-04T14:30:00+00:00,HIMS,26.875,26.88,25.08,26.88,False,True,0.67427988,SELL,2.0,True,28,False,True,0.67427988,SELL,2.0,True,2026-02-04T14:00:00+00:00,25,True,True
2026-02-04T15:00:00+00:00,HIMS,25.24,26.875,26.875,26.88,False,False,0.5,,0.0,False,28,False,False,0.5,,0.0,False,2026-02-04T14:00:00+00:00,28,True,True
2026-02-04T15:30:00+00:00,HIMS,25.58,25.24,25.24,26.88,False,False,0.5,,0.0,False,28,False,False,0.5,,0.0,False,2026-02-04T14:00:00+00:00,28,True,True
2026-02-04T16:00:00+00:00,HIMS,25.045,25.58,25.24,26.88,False,False,0.5,,0.0,False,28,False,False,0.5,,0.0,False,2026-02-04T14:00:00+00:00,28,True,True
2026-02-04T16:30:00+00:00,HIMS,25.01,25.045,25.045,26.88,False,False,0.5,,0.0,False,28,False,False,0.5,,0.0,False,2026-02-04T14:00:00+00:00,28,True,True
2026-02-04T17:00:00+00:00,HIMS,24.68,25.01,25.01,26.88,False,False,0.5,,0.0,False,28,False,False,0.5,,0.0,False,2026-02-04T14:00:00+00:00,28,True,True
2026-02-04T17:30:00+00:00,HIMS,24.56,24.68,24.68,26.88,False,False,0.5,,0.0,False,28,False,False,0.5,,0.0,False,2026-02-04T14:00:00+00:00,28,True,True
2026-02-04T18:00:00+00:00,HIMS,24.5,24.56,24.56,26.88,False,False,0.5,,0.0,False,28,False,False,0.5,,0.0,False,2026-02-04T14:00:00+00:00,28,True,True
2026-02-04T18:30:00+00:00,HIMS,24.58,24.5,24.5,26.88,True,False,0.8186448,BUY,12.0,True,36,True,False,0.8186448,BUY,12.0,True,2026-02-04T18:00:00+00:00,28,True,True
2026-02-04T19:00:00+00:00,HIMS,24.18,24.58,24.5,24.58,False,False,0.5,,0.0,False,36,False,False,0.5,,0.0,False,2026-02-04T18:00:00+00:00,36,True,True
2026-02-04T19:30:00+00:00,HIMS,24.32,24.18,24.18,24.58,False,False,0.5,,0.0,False,36,False,False,0.5,,0.0,False,2026-02-04T18:00:00+00:00,36,True,True
2026-02-04T20:00:00+00:00,HIMS,24.54,24.32,24.18,24.58,False,False,0.5,,0.0,False,36,False,False,0.5,,0.0,False,2026-02-04T18:00:00+00:00,36,True,True
2026-02-04T20:30:00+00:00,HIMS,24.035,24.54,24.18,24.58,False,False,0.5,,0.0,False,36,False,False,0.5,,0.0,False,2026-02-04T18:00:00+00:00,36,True,True
2026-02-05T13:30:00+00:00,HIMS,26.78,24.035,24.035,24.58,False,False,0.5,,0.0,False,36,False,False,0.5,,0.0,False,2026-02-04T18:00:00+00:00,36,True,True
2026-02-05T14:00:00+00:00,HIMS,27.96,26.78,24.035,26.78,False,False,0.5,,0.0,False,36,False,False,0.5,,0.0,False,2026-02-04T18:00:00+00:00,36,True,True
2026-02-05T14:30:00+00:00,HIMS,26.725,27.96,24.035,27.96,False,True,1.17968553,SELL,6.0,True,43,False,True,1.17968553,SELL,6.0,True,2026-02-05T14:00:00+00:00,36,True,True
2026-02-05T15:00:00+00:00,HIMS,26.75,26.725,26.725,27.96,False,False,0.5,,0.0,False,43,False,False,0.5,,0.0,False,2026-02-05T14:00:00+00:00,43,True,True
2026-02-05T15:30:00+00:00,HIMS,26.13,26.75,26.725,27.96,False,False,0.5,,0.0,False,43,False,False,0.5,,0.0,False,2026-02-05T14:00:00+00:00,43,True,True
2026-02-05T16:00:00+00:00,HIMS,25.165,26.13,26.13,27.96,False,False,0.5,,0.0,False,43,False,False,0.5,,0.0,False,2026-02-05T14:00:00+00:00,43,True,True
2026-02-05T16:30:00+00:00,HIMS,25.17,25.165,25.165,27.96,True,False,0.99702954,BUY,12.0,True,47,True,False,0.99702954,BUY,12.0,True,2026-02-05T16:00:00+00:00,43,True,True
2026-02-05T17:00:00+00:00,HIMS,24.43,25.17,25.165,25.17,False,False,0.5,,0.0,False,47,False,False,0.5,,0.0,False,2026-02-05T16:00:00+00:00,47,True,True
2026-02-05T17:30:00+00:00,HIMS,23.93,24.43,24.43,25.17,False,False,0.5,,0.0,False,47,False,False,0.5,,0.0,False,2026-02-05T16:00:00+00:00,47,True,True
2026-02-05T18:00:00+00:00,HIMS,23.54,23.93,23.93,25.17,False,False,0.5,,0.0,False,47,False,False,0.5,,0.0,False,2026-02-05T16:00:00+00:00,47,True,True
2026-02-05T18:30:00+00:00,HIMS,23.19,23.54,23.54,25.17,False,False,0.5,,0.0,False,47,False,False,0.5,,0.0,False,2026-02-05T16:00:00+00:00,47,True,True
2026-02-05T19:00:00+00:00,HIMS,23.175,23.19,23.19,25.17,False,False,0.5,,0.0,False,47,False,False,0.5,,0.0,False,2026-02-05T16:00:00+00:00,47,True,True
2026-02-05T19:30:00+00:00,HIMS,23.72,23.175,23.175,25.17,True,False,0.55561801,BUY,6.0,True,53,True,False,0.55561801,BUY,6.0,True,2026-02-05T19:00:00+00:00,47,True,True
2026-02-05T20:00:00+00:00,HIMS,23.46,23.72,23.175,23.72,False,False,0.5,,0.0,False,53,False,False,0.5,,0.0,False,2026-02-05T19:00:00+00:00,53,True,True
2026-02-05T20:30:00+00:00,HIMS,23.37,23.46,23.175,23.72,False,False,0.5,,0.0,False,53,False,False,0.5,,0.0,False,2026-02-05T19:00:00+00:00,53,True,True
2026-02-05T21:00:00+00:00,HIMS,23.06,23.37,23.175,23.72,False,False,0.5,,0.0,False,53,False,False,0.5,,0.0,False,2026-02-05T19:00:00+00:00,53,True,True
2026-02-05T21:30:00+00:00,HIMS,22.88,23.06,23.06,23.72,False,False,0.5,,0.0,False,53,False,False,0.5,,0.0,False,2026-02-05T19:00:00+00:00,53,True,True
2026-02-06T13:30:00+00:00,HIMS,21.78,22.88,22.88,23.72,False,False,0.5,,0.0,False,53,False,False,0.5,,0.0,False,2026-02-05T19:00:00+00:00,53,True,True
2026-02-06T14:00:00+00:00,HIMS,22.14,21.78,21.78,23.72,True,False,0.62946982,BUY,7.0,True,59,True,False,0.62946982,BUY,7.0,True,2026-02-06T13:30:00+00:00,53,True,True
2026-02-06T14:30:00+00:00,HIMS,22.36,22.14,21.78,22.14,False,False,0.5,,0.0,False,59,False,False,0.5,,0.0,False,2026-02-06T13:30:00+00:00,59,True,True
2026-02-06T15:00:00+00:00,HIMS,21.705,22.36,21.78,22.36,False,False,0.5,,0.0,False,59,False,False,0.5,,0.0,False,2026-02-06T13:30:00+00:00,59,True,True
2026-02-06T15:30:00+00:00,HIMS,21.995,21.705,21.705,22.36,False,False,0.5,,0.0,False,59,False,False,0.5,,0.0,False,2026-02-06T13:30:00+00:00,59,True,True
2026-02-06T16:00:00+00:00,HIMS,22.385,21.995,21.705,22.36,False,False,0.5,,0.0,False,59,False,False,0.5,,0.0,False,2026-02-06T13:30:00+00:00,59,True,True
2026-02-06T16:30:00+00:00,HIMS,22.715,22.385,21.705,22.385,False,False,0.5,,0.0,False,59,False,False,0.5,,0.0,False,2026-02-06T13:30:00+00:00,59,True,True
2026-02-06T17:00:00+00:00,HIMS,23.36,22.715,21.705,22.715,False,False,0.5,,0.0,False,59,False,False,0.5,,0.0,False,2026-02-06T13:30:00+00:00,59,True,True
2026-02-06T17:30:00+00:00,HIMS,23.14,23.36,21.705,23.36,False,True,0.62515073,SELL,4.0,True,66,False,True,0.62515073,SELL,4.0,True,2026-02-06T17:00:00+00:00,59,True,True
2026-02-06T18:00:00+00:00,HIMS,22.875,23.14,23.14,23.36,False,False,0.5,,0.0,False,66,False,False,0.5,,0.0,False,2026-02-06T17:00:00+00:00,66,True,True
2026-02-06T18:30:00+00:00,HIMS,22.685,22.875,22.875,23.36,False,False,0.5,,0.0,False,66,False,False,0.5,,0.0,False,2026-02-06T17:00:00+00:00,66,True,True
2026-02-06T19:00:00+00:00,HIMS,22.745,22.685,22.685,23.36,False,False,0.5,,0.0,False,66,False,False,0.5,,0.0,False,2026-02-06T17:00:00+00:00,66,True,True
2026-02-06T19:30:00+00:00,HIMS,22.925,22.745,22.685,23.36,False,False,0.5,,0.0,False,66,False,False,0.5,,0.0,False,2026-02-06T17:00:00+00:00,66,True,True
2026-02-06T20:00:00+00:00,HIMS,23.07,22.925,22.685,23.36,False,False,0.5,,0.0,False,66,False,False,0.5,,0.0,False,2026-02-06T17:00:00+00:00,66,True,True
2026-02-06T20:30:00+00:00,HIMS,22.855,23.07,22.685,23.36,False,False,0.5,,0.0,False,66,False,False,0.5,,0.0,False,2026-02-06T17:00:00+00:00,66,True,True
2026-02-09T13:00:00+00:00,HIMS,18.18,22.855,22.685,23.36,False,False,0.5,,0.0,False,66,False,False,0.5,,0.0,False,2026-02-06T17:00:00+00:00,66,True,True
2026-02-09T13:30:00+00:00,HIMS,18.02,18.18,18.18,23.36,False,False,0.5,,0.0,False,66,False,False,0.5,,0.0,False,2026-02-06T17:00:00+00:00,66,True,True
2026-02-09T14:00:00+00:00,HIMS,17.81,18.02,18.02,23.36,False,False,0.5,,0.0,False,66,False,False,0.5,,0.0,False,2026-02-06T17:00:00+00:00,66,True,True
2026-02-09T14:30:00+00:00,HIMS,17.825,17.81,17.81,23.36,True,False,2.0,BUY,29.0,True,76,True,False,2.0,BUY,29.0,True,2026-02-09T14:00:00+00:00,66,True,True
2026-02-09T15:00:00+00:00,HIMS,16.995,17.825,17.81,17.825,False,False,0.5,,0.0,False,76,False,False,0.5,,0.0,False,2026-02-09T14:00:00+00:00,76,True,True
2026-02-09T15:30:00+00:00,HIMS,16.925,16.995,16.995,17.825,False,False,0.5,,0.0,False,76,False,False,0.5,,0.0,False,2026-02-09T14:00:00+00:00,76,True,True
2026-02-09T16:00:00+00:00,HIMS,17.555,16.925,16.925,17.825,False,False,0.5,,0.0,False,76,False,False,0.5,,0.0,False,2026-02-09T14:00:00+00:00,76,True,True
2026-02-09T16:30:00+00:00,HIMS,17.42,17.555,16.925,17.825,False,False,0.5,,0.0,False,76,False,False,0.5,,0.0,False,2026-02-09T14:00:00+00:00,76,True,True
2026-02-09T17:00:00+00:00,HIMS,17.685,17.42,16.925,17.825,False,False,0.5,,0.0,False,76,False,False,0.5,,0.0,False,2026-02-09T14:00:00+00:00,76,True,True
2026-02-09T17:30:00+00:00,HIMS,17.91,17.685,16.925,17.825,False,False,0.5,,0.0,False,76,False,False,0.5,,0.0,False,2026-02-09T14:00:00+00:00,76,True,True
2026-02-09T18:00:00+00:00,HIMS,18.205,17.91,16.925,17.91,False,False,0.5,,0.0,False,76,False,False,0.5,,0.0,False,2026-02-09T14:00:00+00:00,76,True,True
2026-02-09T18:30:00+00:00,HIMS,18.64,18.205,16.925,18.205,False,False,0.5,,0.0,False,76,False,False,0.5,,0.0,False,2026-02-09T14:00:00+00:00,76,True,True
2026-02-09T19:00:00+00:00,HIMS,18.955,18.64,16.925,18.64,False,False,0.5,,0.0,False,76,False,False,0.5,,0.0,False,2026-02-09T14:00:00+00:00,76,True,True
2026-02-09T19:30:00+00:00,HIMS,19.105,18.955,16.925,18.955,False,False,0.5,,0.0,False,76,False,False,0.5,,0.0,False,2026-02-09T14:00:00+00:00,76,True,True
2026-02-09T20:00:00+00:00,HIMS,18.695,19.105,16.925,19.105,False,True,1.06553686,SELL,12.0,True,87,False,True,1.06553686,SELL,12.0,True,2026-02-09T19:30:00+00:00,76,True,True
2026-02-09T20:30:00+00:00,HIMS,19.315,18.695,18.695,19.105,False,False,0.5,,0.0,False,87,False,False,0.5,,0.0,False,2026-02-09T19:30:00+00:00,87,True,True
2026-02-10T13:00:00+00:00,HIMS,18.63,19.315,18.695,19.315,False,False,0.5,,0.0,False,87,False,False,0.5,,0.0,False,2026-02-09T19:30:00+00:00,87,True,True
2026-02-10T14:30:00+00:00,HIMS,18.73,18.63,18.63,19.315,False,False,0.5,,0.0,False,87,False,False,0.5,,0.0,False,2026-02-09T19:30:00+00:00,87,True,True
2026-02-10T15:00:00+00:00,HIMS,18.725,18.73,18.63,19.315,False,False,0.5,,0.0,False,87,False,False,0.5,,0.0,False,2026-02-09T19:30:00+00:00,87,True,True
2026-02-10T15:30:00+00:00,HIMS,18.29,18.725,18.63,19.315,False,False,0.5,,0.0,False,87,False,False,0.5,,0.0,False,2026-02-09T19:30:00+00:00,87,True,True
2026-02-10T16:00:00+00:00,HIMS,18.18,18.29,18.29,19.315,False,False,0.5,,0.0,False,87,False,False,0.5,,0.0,False,2026-02-09T19:30:00+00:00,87,True,True
2026-02-10T16:30:00+00:00,HIMS,18.365,18.18,18.18,19.315,False,False,0.5,,0.0,False,87,False,False,0.5,,0.0,False,2026-02-09T19:30:00+00:00,87,True,True
2026-02-10T17:00:00+00:00,HIMS,18.25,18.365,18.18,19.315,False,False,0.5,,0.0,False,87,False,False,0.5,,0.0,False,2026-02-09T19:30:00+00:00,87,True,True
2026-02-10T17:30:00+00:00,HIMS,18.155,18.25,18.18,19.315,False,False,0.5,,0.0,False,87,False,False,0.5,,0.0,False,2026-02-09T19:30:00+00:00,87,True,True
2026-02-10T18:00:00+00:00,HIMS,18.19,18.155,18.155,19.315,True,False,0.56054331,BUY,6.0,True,97,True,False,0.56054331,BUY,6.0,True,2026-02-10T17:30:00+00:00,87,True,True
2026-02-10T18:30:00+00:00,HIMS,17.84,18.19,18.155,18.19,False,False,0.5,,0.0,False,97,False,False,0.5,,0.0,False,2026-02-10T17:30:00+00:00,97,True,True
2026-02-10T19:00:00+00:00,HIMS,17.715,17.84,17.84,18.19,False,False,0.5,,0.0,False,97,False,False,0.5,,0.0,False,2026-02-10T17:30:00+00:00,97,True,True
2026-02-10T19:30:00+00:00,HIMS,17.505,17.715,17.715,18.19,False,False,0.5,,0.0,False,97,False,False,0.5,,0.0,False,2026-02-10T17:30:00+00:00,97,True,True
2026-02-10T20:00:00+00:00,HIMS,17.44,17.505,17.505,18.19,False,False,0.5,,0.0,False,97,False,False,0.5,,0.0,False,2026-02-10T17:30:00+00:00,97,True,True
2026-02-10T20:30:00+00:00,HIMS,17.28,17.44,17.44,18.19,False,False,0.5,,0.0,False,97,False,False,0.5,,0.0,False,2026-02-10T17:30:00+00:00,97,True,True
2026-02-11T14:30:00+00:00,HIMS,17.52,17.28,17.28,18.19,False,False,0.5,,0.0,False,97,False,False,0.5,,0.0,False,2026-02-10T17:30:00+00:00,97,True,True
2026-02-11T15:00:00+00:00,HIMS,17.5,17.52,17.28,18.19,False,False,0.5,,0.0,False,97,False,False,0.5,,0.0,False,2026-02-10T17:30:00+00:00,97,True,True
2026-02-11T15:30:00+00:00,HIMS,17.175,17.5,17.28,18.19,False,False,0.5,,0.0,False,97,False,False,0.5,,0.0,False,2026-02-10T17:30:00+00:00,97,True,True
2026-02-11T16:00:00+00:00,HIMS,16.965,17.175,17.175,18.19,False,False,0.5,,0.0,False,97,False,False,0.5,,0.0,False,2026-02-10T17:30:00+00:00,97,True,True
2026-02-11T16:30:00+00:00,HIMS,16.79,16.965,16.965,18.19,False,False,0.5,,0.0,False,97,False,False,0.5,,0.0,False,2026-02-10T17:30:00+00:00,97,True,True
2026-02-11T17:00:00+00:00,HIMS,16.795,16.79,16.79,18.19,True,False,0.72387364,BUY,8.0,True,108,True,False,0.72387364,BUY,8.0,True,2026-02-11T16:30:00+00:00,97,True,True
2026-02-11T17:30:00+00:00,HIMS,17.075,16.795,16.79,16.795,False,False,0.5,,0.0,False,108,False,False,0.5,,0.0,False,2026-02-11T16:30:00+00:00,108,True,True
2026-02-11T18:00:00+00:00,HIMS,16.955,17.075,16.79,17.075,False,False,0.5,,0.0,False,108,False,False,0.5,,0.0,False,2026-02-11T16:30:00+00:00,108,True,True
2026-02-11T18:30:00+00:00,HIMS,17.11,16.955,16.79,17.075,False,False,0.5,,0.0,False,108,False,False,0.5,,0.0,False,2026-02-11T16:30:00+00:00,108,True,True
2026-02-11T19:00:00+00:00,HIMS,17.015,17.11,16.79,17.11,False,False,0.5,,0.0,False,108,False,False,0.5,,0.0,False,2026-02-11T16:30:00+00:00,108,True,True
2026-02-11T19:30:00+00:00,HIMS,17.145,17.015,16.79,17.11,False,False,0.5,,0.0,False,108,False,False,0.5,,0.0,False,2026-02-11T16:30:00+00:00,108,True,True
2026-02-11T20:00:00+00:00,HIMS,16.855,17.145,16.79,17.145,False,False,0.5,,0.0,False,108,False,False,0.5,,0.0,False,2026-02-11T16:30:00+00:00,108,True,True
2026-02-11T20:30:00+00:00,HIMS,16.695,16.855,16.79,17.145,False,False,0.5,,0.0,False,108,False,False,0.5,,0.0,False,2026-02-11T16:30:00+00:00,108,True,True
2026-02-12T14:30:00+00:00,HIMS,16.37,16.695,16.695,17.145,False,False,0.5,,0.0,False,108,False,False,0.5,,0.0,False,2026-02-11T16:30:00+00:00,108,True,True
2026-02-12T15:00:00+00:00,HIMS,16.71,16.37,16.37,17.145,False,False,0.5,,0.0,False,108,False,False,0.5,,0.0,False,2026-02-11T16:30:00+00:00,108,True,True
2026-02-12T15:30:00+00:00,HIMS,16.51,16.71,16.37,17.145,False,False,0.5,,0.0,False,108,False,False,0.5,,0.0,False,2026-02-11T16:30:00+00:00,108,True,True
2026-02-12T16:00:00+00:00,HIMS,16.23,16.51,16.37,17.145,False,False,0.5,,0.0,False,108,False,False,0.5,,0.0,False,2026-02-11T16:30:00+00:00,108,True,True
2026-02-12T16:30:00+00:00,HIMS,16.005,16.23,16.23,17.145,False,False,0.5,,0.0,False,108,False,False,0.5,,0.0,False,2026-02-11T16:30:00+00:00,108,True,True
2026-02-12T17:00:00+00:00,HIMS,15.89,16.005,16.005,17.145,False,False,0.5,,0.0,False,108,False,False,0.5,,0.0,False,2026-02-11T16:30:00+00:00,108,True,True
2026-02-12T17:30:00+00:00,HIMS,16.07,15.89,15.89,17.145,True,False,0.59625853,BUY,7.0,True,122,True,False,0.59625853,BUY,7.0,True,2026-02-12T17:00:00+00:00,108,True,True
2026-02-12T18:00:00+00:00,HIMS,15.965,16.07,15.89,16.07,False,False,0.5,,0.0,False,122,False,False,0.5,,0.0,False,2026-02-12T17:00:00+00:00,122,True,True
2026-02-12T18:30:00+00:00,HIMS,15.88,15.965,15.89,16.07,False,False,0.5,,0.0,False,122,False,False,0.5,,0.0,False,2026-02-12T17:00:00+00:00,122,True,True
2026-02-12T19:00:00+00:00,HIMS,15.94,15.88,15.88,16.07,False,False,0.5,,0.0,False,122,False,False,0.5,,0.0,False,2026-02-12T17:00:00+00:00,122,True,True
2026-02-12T19:30:00+00:00,HIMS,15.665,15.94,15.88,16.07,False,False,0.5,,0.0,False,122,False,False,0.5,,0.0,False,2026-02-12T17:00:00+00:00,122,True,True
2026-02-12T20:00:00+00:00,HIMS,15.7,15.665,15.665,16.07,False,False,0.5,,0.0,False,122,False,False,0.5,,0.0,False,2026-02-12T17:00:00+00:00,122,True,True
2026-02-12T20:30:00+00:00,HIMS,15.73,15.7,15.665,16.07,False,False,0.5,,0.0,False,122,False,False,0.5,,0.0,False,2026-02-12T17:00:00+00:00,122,True,True
2026-02-13T14:30:00+00:00,HIMS,16.16,15.73,15.665,16.07,False,False,0.5,,0.0,False,122,False,False,0.5,,0.0,False,2026-02-12T17:00:00+00:00,122,True,True
2026-02-13T15:00:00+00:00,HIMS,16.36,16.16,15.665,16.16,False,False,0.5,,0.0,False,122,False,False,0.5,,0.0,False,2026-02-12T17:00:00+00:00,122,True,True
2026-02-13T15:30:00+00:00,HIMS,16.505,16.36,15.665,16.36,False,False,0.5,,0.0,False,122,False,False,0.5,,0.0,False,2026-02-12T17:00:00+00:00,122,True,True
2026-02-13T16:00:00+00:00,HIMS,16.43,16.505,15.665,16.505,False,False,0.5,,0.0,False,122,False,False,0.5,,0.0,False,2026-02-12T17:00:00+00:00,122,True,True
2026-02-13T16:30:00+00:00,HIMS,16.75,16.43,15.665,16.505,False,False,0.5,,0.0,False,122,False,False,0.5,,0.0,False,2026-02-12T17:00:00+00:00,122,True,True
2026-02-13T17:00:00+00:00,HIMS,16.63,16.75,15.665,16.75,False,True,0.58724969,SELL,8.0,True,134,False,True,0.58724969,SELL,8.0,True,2026-02-13T16:30:00+00:00,122,True,True
2026-02-13T17:30:00+00:00,HIMS,16.6,16.63,16.63,16.75,False,False,0.5,,0.0,False,134,False,False,0.5,,0.0,False,2026-02-13T16:30:00+00:00,134,True,True
2026-02-13T18:00:00+00:00,HIMS,16.57,16.6,16.6,16.75,False,False,0.5,,0.0,False,134,False,False,0.5,,0.0,False,2026-02-13T16:30:00+00:00,134,True,True
2026-02-13T18:30:00+00:00,HIMS,16.51,16.57,16.57,16.75,False,False,0.5,,0.0,False,134,False,False,0.5,,0.0,False,2026-02-13T16:30:00+00:00,134,True,True
2026-02-13T19:00:00+00:00,HIMS,16.605,16.51,16.51,16.75,False,False,0.5,,0.0,False,134,False,False,0.5,,0.0,False,2026-02-13T16:30:00+00:00,134,True,True
2026-02-13T19:30:00+00:00,HIMS,16.735,16.605,16.51,16.75,False,False,0.5,,0.0,False,134,False,False,0.5,,0.0,False,2026-02-13T16:30:00+00:00,134,True,True
2026-02-13T20:00:00+00:00,HIMS,16.49,16.735,16.51,16.75,False,False,0.5,,0.0,False,134,False,False,0.5,,0.0,False,2026-02-13T16:30:00+00:00,134,True,True
2026-02-13T20:30:00+00:00,HIMS,16.3,16.49,16.49,16.75,False,False,0.5,,0.0,False,134,False,False,0.5,,0.0,False,2026-02-13T16:30:00+00:00,134,True,True
2026-02-17T14:30:00+00:00,HIMS,16.38,16.3,16.3,16.75,False,False,0.5,,0.0,False,134,False,False,0.5,,0.0,False,2026-02-13T16:30:00+00:00,134,True,True
2026-02-17T15:00:00+00:00,HIMS,16.14,16.38,16.3,16.75,False,False,0.5,,0.0,False,134,False,False,0.5,,0.0,False,2026-02-13T16:30:00+00:00,134,True,True
2026-02-17T15:30:00+00:00,HIMS,15.9,16.14,16.14,16.75,False,False,0.5,,0.0,False,134,False,False,0.5,,0.0,False,2026-02-13T16:30:00+00:00,134,True,True
2026-02-17T16:00:00+00:00,HIMS,15.92,15.9,15.9,16.75,False,False,0.5,,0.0,False,134,False,False,0.5,,0.0,False,2026-02-13T16:30:00+00:00,134,True,True
2026-02-17T16:30:00+00:00,HIMS,16.165,15.92,15.9,16.75,False,False,0.5,,0.0,False,134,False,False,0.5,,0.0,False,2026-02-13T16:30:00+00:00,134,True,True
2026-02-17T17:00:00+00:00,HIMS,16.1,16.165,15.9,16.75,False,False,0.5,,0.0,False,134,False,False,0.5,,0.0,False,2026-02-13T16:30:00+00:00,134,True,True
2026-02-17T17:30:00+00:00,HIMS,16.105,16.1,15.9,16.75,False,False,0.5,,0.0,False,134,False,False,0.5,,0.0,False,2026-02-13T16:30:00+00:00,134,True,True
2026-02-17T18:00:00+00:00,HIMS,16.065,16.105,15.9,16.75,False,False,0.5,,0.0,False,134,False,False,0.5,,0.0,False,2026-02-13T16:30:00+00:00,134,True,True
2026-02-17T18:30:00+00:00,HIMS,16.31,16.065,15.9,16.75,False,False,0.5,,0.0,False,134,False,False,0.5,,0.0,False,2026-02-13T16:30:00+00:00,134,True,True
2026-02-17T19:00:00+00:00,HIMS,16.33,16.31,15.9,16.75,False,False,0.5,,0.0,False,134,False,False,0.5,,0.0,False,2026-02-13T16:30:00+00:00,134,True,True
2026-02-17T19:30:00+00:00,HIMS,16.32,16.33,15.9,16.75,False,False,0.5,,0.0,False,134,False,False,0.5,,0.0,False,2026-02-13T16:30:00+00:00,134,True,True
2026-02-17T20:00:00+00:00,HIMS,16.28,16.32,15.9,16.75,False,False,0.5,,0.0,False,134,False,False,0.5,,0.0,False,2026-02-13T16:30:00+00:00,134,True,True
2026-02-17T20:30:00+00:00,HIMS,16.165,16.28,15.9,16.75,False,False,0.5,,0.0,False,134,False,False,0.5,,0.0,False,2026-02-13T16:30:00+00:00,134,True,True
2026-02-18T14:30:00+00:00,HIMS,16.07,16.165,15.9,16.75,False,False,0.5,,0.0,False,134,False,False,0.5,,0.0,False,2026-02-13T16:30:00+00:00,134,True,True
2026-02-18T15:00:00+00:00,HIMS,16.265,16.07,15.9,16.75,False,False,0.5,,0.0,False,134,False,False,0.5,,0.0,False,2026-02-13T16:30:00+00:00,134,True,True
2026-02-18T15:30:00+00:00,HIMS,16.21,16.265,15.9,16.75,False,False,0.5,,0.0,False,134,False,False,0.5,,0.0,False,2026-02-13T16:30:00+00:00,134,True,True
2026-02-18T16:00:00+00:00,HIMS,16.265,16.21,15.9,16.735,False,False,0.5,,0.0,False,134,False,False,0.5,,0.0,False,2026-02-13T16:30:00+00:00,135,True,True
2026-02-18T16:30:00+00:00,HIMS,16.28,16.265,15.9,16.735,False,False,0.5,,0.0,False,134,False,False,0.5,,0.0,False,2026-02-13T16:30:00+00:00,136,True,True
2026-02-18T17:00:00+00:00,HIMS,16.06,16.28,15.9,16.735,False,False,0.5,,0.0,False,134,False,False,0.5,,0.0,False,2026-02-13T16:30:00+00:00,137,True,True
2026-02-18T17:30:00+00:00,HIMS,16.155,16.06,15.9,16.735,False,False,0.5,,0.0,False,134,False,False,0.5,,0.0,False,2026-02-13T16:30:00+00:00,138,True,True
2026-02-18T18:00:00+00:00,HIMS,16.225,16.155,15.9,16.735,False,False,0.5,,0.0,False,134,False,False,0.5,,0.0,False,2026-02-13T16:30:00+00:00,139,True,True
2026-02-18T18:30:00+00:00,HIMS,16.105,16.225,15.9,16.735,False,False,0.5,,0.0,False,134,False,False,0.5,,0.0,False,2026-02-13T16:30:00+00:00,140,True,True
2026-02-18T19:00:00+00:00,HIMS,16.05,16.105,15.9,16.49,False,False,0.5,,0.0,False,134,False,False,0.5,,0.0,False,2026-02-13T16:30:00+00:00,141,True,True
2026-02-18T19:30:00+00:00,HIMS,15.94,16.05,15.9,16.38,False,False,0.5,,0.0,False,134,False,False,0.5,,0.0,False,2026-02-13T16:30:00+00:00,142,True,True
2026-02-18T20:00:00+00:00,HIMS,15.695,15.94,15.9,16.38,False,False,0.5,,0.0,False,134,False,False,0.5,,0.0,False,2026-02-13T16:30:00+00:00,143,True,True
2026-02-18T20:30:00+00:00,HIMS,15.62,15.695,15.695,16.33,False,False,0.5,,0.0,False,134,False,False,0.5,,0.0,False,2026-02-13T16:30:00+00:00,144,True,True
2026-02-19T13:00:00+00:00,HIMS,16.44,15.62,15.62,16.33,False,False,0.5,,0.0,False,134,False,False,0.5,,0.0,False,2026-02-13T16:30:00+00:00,145,True,True
2026-02-19T13:30:00+00:00,HIMS,16.45,16.44,15.62,16.44,False,False,0.5,,0.0,False,134,False,False,0.5,,0.0,False,2026-02-13T16:30:00+00:00,146,True,True
2026-02-19T14:30:00+00:00,HIMS,16.09,16.45,15.62,16.45,False,False,0.5,,0.0,False,134,False,False,0.5,,0.0,False,2026-02-13T16:30:00+00:00,147,True,True
2026-02-19T15:00:00+00:00,HIMS,16.15,16.09,15.62,16.45,False,False,0.5,,0.0,False,134,False,False,0.5,,0.0,False,2026-02-13T16:30:00+00:00,148,True,True
2026-02-19T15:30:00+00:00,HIMS,15.88,16.15,15.62,16.45,False,False,0.5,,0.0,False,134,False,False,0.5,,0.0,False,2026-02-13T16:30:00+00:00,149,True,True
2026-02-19T16:00:00+00:00,HIMS,15.96,15.88,15.62,16.45,False,False,0.5,,0.0,False,134,False,False,0.5,,0.0,False,2026-02-13T16:30:00+00:00,150,True,True
2026-02-19T16:30:00+00:00,HIMS,15.93,15.96,15.62,16.45,False,False,0.5,,0.0,False,134,False,False,0.5,,0.0,False,2026-02-13T16:30:00+00:00,151,True,True
2026-02-19T17:00:00+00:00,HIMS,15.845,15.93,15.62,16.45,False,False,0.5,,0.0,False,134,False,False,0.5,,0.0,False,2026-02-13T16:30:00+00:00,152,True,True
2026-02-19T17:30:00+00:00,HIMS,15.855,15.845,15.62,16.45,False,False,0.5,,0.0,False,134,False,False,0.5,,0.0,False,2026-02-13T16:30:00+00:00,153,True,True
2026-02-19T18:00:00+00:00,HIMS,15.87,15.855,15.62,16.45,False,False,0.5,,0.0,False,134,False,False,0.5,,0.0,False,2026-02-13T16:30:00+00:00,154,True,True
2026-02-19T18:30:00+00:00,HIMS,15.785,15.87,15.62,16.45,False,False,0.5,,0.0,False,134,False,False,0.5,,0.0,False,2026-02-13T16:30:00+00:00,155,True,True
2026-02-19T19:00:00+00:00,HIMS,15.88,15.785,15.62,16.45,False,False,0.5,,0.0,False,134,False,False,0.5,,0.0,False,2026-02-13T16:30:00+00:00,156,True,True
2026-02-19T19:30:00+00:00,HIMS,15.78,15.88,15.62,16.45,False,False,0.5,,0.0,False,134,False,False,0.5,,0.0,False,2026-02-13T16:30:00+00:00,157,True,True
2026-02-19T20:00:00+00:00,HIMS,15.68,15.78,15.62,16.45,False,False,0.5,,0.0,False,134,False,False,0.5,,0.0,False,2026-02-13T16:30:00+00:00,158,True,True
2026-02-19T20:30:00+00:00,HIMS,15.695,15.68,15.62,16.45,False,False,0.5,,0.0,False,134,False,False,0.5,,0.0,False,2026-02-13T16:30:00+00:00,159,True,True
2026-02-20T14:30:00+00:00,HIMS,15.62,15.695,15.62,16.45,False,False,0.5,,0.0,False,134,False,False,0.5,,0.0,False,2026-02-13T16:30:00+00:00,160,True,True
2026-02-20T15:00:00+00:00,HIMS,15.86,15.62,15.62,16.45,False,False,0.5,,0.0,False,134,False,False,0.5,,0.0,False,2026-02-13T16:30:00+00:00,161,True,True
2026-02-20T15:30:00+00:00,HIMS,16.05,15.86,15.62,16.45,False,False,0.5,,0.0,False,134,False,False,0.5,,0.0,False,2026-02-13T16:30:00+00:00,162,True,True
2026-02-20T16:00:00+00:00,HIMS,15.92,16.05,15.62,16.45,False,False,0.5,,0.0,False,134,False,False,0.5,,0.0,False,2026-02-13T16:30:00+00:00,163,True,True
2026-02-20T16:30:00+00:00,HIMS,15.725,15.92,15.62,16.45,False,False,0.5,,0.0,False,134,False,False,0.5,,0.0,False,2026-02-13T16:30:00+00:00,164,True,True
2026-02-20T17:00:00+00:00,HIMS,15.795,15.725,15.62,16.45,False,False,0.5,,0.0,False,134,False,False,0.5,,0.0,False,2026-02-13T16:30:00+00:00,165,True,True
2026-02-20T17:30:00+00:00,HIMS,15.35,15.795,15.62,16.45,False,False,0.5,,0.0,False,134,False,False,0.5,,0.0,False,2026-02-13T16:30:00+00:00,166,True,True
2026-02-20T18:00:00+00:00,HIMS,15.56,15.35,15.35,16.45,True,False,0.52926673,BUY,6.0,True,190,True,False,0.52926673,BUY,6.0,True,2026-02-20T17:30:00+00:00,167,True,True
2026-02-20T18:30:00+00:00,HIMS,15.63,15.56,15.35,15.56,False,False,0.5,,0.0,False,190,False,False,0.5,,0.0,False,2026-02-20T17:30:00+00:00,190,True,True
2026-02-20T19:00:00+00:00,HIMS,15.96,15.63,15.35,15.63,False,False,0.5,,0.0,False,190,False,False,0.5,,0.0,False,2026-02-20T17:30:00+00:00,190,True,True
2026-02-20T19:30:00+00:00,HIMS,15.67,15.96,15.35,15.96,False,False,0.5,,0.0,False,190,False,False,0.5,,0.0,False,2026-02-20T17:30:00+00:00,190,True,True
2026-02-20T20:00:00+00:00,HIMS,15.625,15.67,15.35,15.96,False,False,0.5,,0.0,False,190,False,False,0.5,,0.0,False,2026-02-20T17:30:00+00:00,190,True,True
2026-02-20T20:30:00+00:00,HIMS,15.59,15.625,15.35,15.96,False,False,0.5,,0.0,False,190,False,False,0.5,,0.0,False,2026-02-20T17:30:00+00:00,190,True,True
2026-02-23T13:00:00+00:00,HIMS,15.82,15.59,15.35,15.96,False,False,0.5,,0.0,False,190,False,False,0.5,,0.0,False,2026-02-20T17:30:00+00:00,190,True,True
2026-02-23T13:30:00+00:00,HIMS,15.77,15.82,15.35,15.96,False,False,0.5,,0.0,False,190,False,False,0.5,,0.0,False,2026-02-20T17:30:00+00:00,190,True,True
2026-02-23T14:30:00+00:00,HIMS,15.795,15.77,15.35,15.96,False,False,0.5,,0.0,False,190,False,False,0.5,,0.0,False,2026-02-20T17:30:00+00:00,190,True,True
2026-02-23T15:00:00+00:00,HIMS,15.585,15.795,15.35,15.96,False,False,0.5,,0.0,False,190,False,False,0.5,,0.0,False,2026-02-20T17:30:00+00:00,190,True,True
2026-02-23T15:30:00+00:00,HIMS,15.485,15.585,15.35,15.96,False,False,0.5,,0.0,False,190,False,False,0.5,,0.0,False,2026-02-20T17:30:00+00:00,190,True,True
2026-02-23T16:00:00+00:00,HIMS,15.345,15.485,15.35,15.96,False,False,0.5,,0.0,False,190,False,False,0.5,,0.0,False,2026-02-20T17:30:00+00:00,190,True,True
2026-02-23T16:30:00+00:00,HIMS,15.39,15.345,15.345,15.96,False,False,0.5,,0.0,False,190,False,False,0.5,,0.0,False,2026-02-20T17:30:00+00:00,190,True,True
2026-02-23T17:00:00+00:00,HIMS,15.315,15.39,15.345,15.96,False,False,0.5,,0.0,False,190,False,False,0.5,,0.0,False,2026-02-20T17:30:00+00:00,190,True,True
2026-02-23T17:30:00+00:00,HIMS,15.305,15.315,15.315,15.96,False,False,0.5,,0.0,False,190,False,False,0.5,,0.0,False,2026-02-20T17:30:00+00:00,190,True,True
2026-02-23T18:00:00+00:00,HIMS,15.435,15.305,15.305,15.96,False,False,0.5,,0.0,False,190,False,False,0.5,,0.0,False,2026-02-20T17:30:00+00:00,190,True,True
2026-02-23T18:30:00+00:00,HIMS,15.48,15.435,15.305,15.96,False,False,0.5,,0.0,False,190,False,False,0.5,,0.0,False,2026-02-20T17:30:00+00:00,190,True,True
2026-02-23T19:00:00+00:00,HIMS,15.385,15.48,15.305,15.96,False,False,0.5,,0.0,False,190,False,False,0.5,,0.0,False,2026-02-20T17:30:00+00:00,190,True,True
2026-02-23T19:30:00+00:00,HIMS,15.35,15.385,15.305,15.96,False,False,0.5,,0.0,False,190,False,False,0.5,,0.0,False,2026-02-20T17:30:00+00:00,190,True,True
2026-02-23T20:00:00+00:00,HIMS,15.51,15.35,15.305,15.96,False,False,0.5,,0.0,False,190,False,False,0.5,,0.0,False,2026-02-20T17:30:00+00:00,190,True,True
2026-02-23T20:30:00+00:00,HIMS,15.51,15.51,15.305,15.96,False,False,0.5,,0.0,False,190,False,False,0.5,,0.0,False,2026-02-20T17:30:00+00:00,190,True,True
2026-02-23T21:00:00+00:00,HIMS,15.72,15.51,15.305,15.96,False,False,0.5,,0.0,False,190,False,False,0.5,,0.0,False,2026-02-20T17:30:00+00:00,190,True,True
2026-02-24T13:00:00+00:00,HIMS,14.7,15.72,15.305,15.96,False,False,0.5,,0.0,False,190,False,False,0.5,,0.0,False,2026-02-20T17:30:00+00:00,190,True,True
2026-02-24T13:30:00+00:00,HIMS,14.71,14.7,14.7,15.96,True,False,0.74042014,BUY,9.0,True,213,True,False,0.74042014,BUY,9.0,True,2026-02-24T13:00:00+00:00,190,True,True
2026-02-24T14:00:00+00:00,HIMS,14.56,14.71,14.7,14.71,False,False,0.5,,0.0,False,213,False,False,0.5,,0.0,False,2026-02-24T13:00:00+00:00,213,True,True
2026-02-24T14:30:00+00:00,HIMS,14.84,14.56,14.56,14.71,False,False,0.5,,0.0,False,213,False,False,0.5,,0.0,False,2026-02-24T13:00:00+00:00,213,True,True
2026-02-24T15:00:00+00:00,HIMS,14.29,14.84,14.56,14.84,False,False,0.5,,0.0,False,213,False,False,0.5,,0.0,False,2026-02-24T13:00:00+00:00,213,True,True
2026-02-24T15:30:00+00:00,HIMS,14.39,14.29,14.29,14.84,False,False,0.5,,0.0,False,213,False,False,0.5,,0.0,False,2026-02-24T13:00:00+00:00,213,True,True
2026-02-24T16:00:00+00:00,HIMS,15.265,14.39,14.29,14.84,False,False,0.5,,0.0,False,213,False,False,0.5,,0.0,False,2026-02-24T13:00:00+00:00,213,True,True
2026-02-24T16:30:00+00:00,HIMS,15.1,15.265,14.29,15.265,False,True,0.54853664,SELL,8.0,True,219,False,True,0.54853664,SELL,8.0,True,2026-02-24T16:00:00+00:00,213,True,True
2026-02-24T17:00:00+00:00,HIMS,15.26,15.1,15.1,15.265,False,False,0.5,,0.0,False,219,False,False,0.5,,0.0,False,2026-02-24T16:00:00+00:00,219,True,True
2026-02-24T17:30:00+00:00,HIMS,15.28,15.26,15.1,15.265,False,False,0.5,,0.0,False,219,False,False,0.5,,0.0,False,2026-02-24T16:00:00+00:00,219,True,True
2026-02-24T18:00:00+00:00,HIMS,15.62,15.28,15.1,15.28,False,False,0.5,,0.0,False,219,False,False,0.5,,0.0,False,2026-02-24T16:00:00+00:00,219,True,True
2026-02-24T18:30:00+00:00,HIMS,15.65,15.62,15.1,15.62,False,False,0.5,,0.0,False,219,False,False,0.5,,0.0,False,2026-02-24T16:00:00+00:00,219,True,True
2026-02-24T19:00:00+00:00,HIMS,15.93,15.65,15.1,15.65,False,False,0.5,,0.0,False,219,False,False,0.5,,0.0,False,2026-02-24T16:00:00+00:00,219,True,True
2026-02-24T19:30:00+00:00,HIMS,15.815,15.93,15.1,15.93,False,False,0.5,,0.0,False,219,False,False,0.5,,0.0,False,2026-02-24T16:00:00+00:00,219,True,True
2026-02-24T20:00:00+00:00,HIMS,15.865,15.815,15.1,15.93,False,False,0.5,,0.0,False,219,False,False,0.5,,0.0,False,2026-02-24T16:00:00+00:00,219,True,True
2026-02-24T20:30:00+00:00,HIMS,15.49,15.865,15.1,15.93,False,False,0.5,,0.0,False,219,False,False,0.5,,0.0,False,2026-02-24T16:00:00+00:00,219,True,True
2026-02-25T14:30:00+00:00,HIMS,15.62,15.49,15.1,15.93,False,False,0.5,,0.0,False,219,False,False,0.5,,0.0,False,2026-02-24T16:00:00+00:00,219,True,True
2026-02-25T15:00:00+00:00,HIMS,15.94,15.62,15.1,15.93,False,False,0.5,,0.0,False,219,False,False,0.5,,0.0,False,2026-02-24T16:00:00+00:00,219,True,True
2026-02-25T15:30:00+00:00,HIMS,16.275,15.94,15.1,15.94,False,False,0.5,,0.0,False,219,False,False,0.5,,0.0,False,2026-02-24T16:00:00+00:00,219,True,True
2026-02-25T16:00:00+00:00,HIMS,16.065,16.275,15.1,16.275,False,True,0.60631764,SELL,8.0,True,231,False,True,0.60631764,SELL,8.0,True,2026-02-25T15:30:00+00:00,219,True,True
2026-02-25T16:30:00+00:00,HIMS,15.93,16.065,16.065,16.275,False,False,0.5,,0.0,False,231,False,False,0.5,,0.0,False,2026-02-25T15:30:00+00:00,231,True,True
2026-02-25T17:00:00+00:00,HIMS,15.75,15.93,15.93,16.275,False,False,0.5,,0.0,False,231,False,False,0.5,,0.0,False,2026-02-25T15:30:00+00:00,231,True,True
2026-02-25T17:30:00+00:00,HIMS,15.86,15.75,15.75,16.275,False,False,0.5,,0.0,False,231,False,False,0.5,,0.0,False,2026-02-25T15:30:00+00:00,231,True,True
2026-02-25T18:00:00+00:00,HIMS,16.135,15.86,15.75,16.275,False,False,0.5,,0.0,False,231,False,False,0.5,,0.0,False,2026-02-25T15:30:00+00:00,231,True,True
2026-02-25T18:30:00+00:00,HIMS,16.075,16.135,15.75,16.275,False,False,0.5,,0.0,False,231,False,False,0.5,,0.0,False,2026-02-25T15:30:00+00:00,231,True,True
2026-02-25T19:00:00+00:00,HIMS,15.955,16.075,15.75,16.275,False,False,0.5,,0.0,False,231,False,False,0.5,,0.0,False,2026-02-25T15:30:00+00:00,231,True,True
2026-02-25T19:30:00+00:00,HIMS,16.145,15.955,15.75,16.275,False,False,0.5,,0.0,False,231,False,False,0.5,,0.0,False,2026-02-25T15:30:00+00:00,231,True,True
2026-02-25T20:00:00+00:00,HIMS,16.28,16.145,15.75,16.275,False,False,0.5,,0.0,False,231,False,False,0.5,,0.0,False,2026-02-25T15:30:00+00:00,231,True,True
2026-02-25T20:30:00+00:00,HIMS,15.85,16.28,15.75,16.28,False,False,0.5,,0.0,False,231,False,False,0.5,,0.0,False,2026-02-25T15:30:00+00:00,231,True,True
2026-02-26T14:00:00+00:00,HIMS,15.9,15.85,15.75,16.28,False,False,0.5,,0.0,False,231,False,False,0.5,,0.0,False,2026-02-25T15:30:00+00:00,231,True,True
2026-02-26T14:30:00+00:00,HIMS,15.77,15.9,15.75,16.28,False,False,0.5,,0.0,False,231,False,False,0.5,,0.0,False,2026-02-25T15:30:00+00:00,231,True,True
2026-02-26T15:00:00+00:00,HIMS,16.19,15.77,15.75,16.28,False,False,0.5,,0.0,False,231,False,False,0.5,,0.0,False,2026-02-25T15:30:00+00:00,231,True,True
2026-02-26T15:30:00+00:00,HIMS,15.82,16.19,15.75,16.28,False,False,0.5,,0.0,False,231,False,False,0.5,,0.0,False,2026-02-25T15:30:00+00:00,231,True,True
2026-02-26T16:00:00+00:00,HIMS,15.65,15.82,15.75,16.28,False,False,0.5,,0.0,False,231,False,False,0.5,,0.0,False,2026-02-25T15:30:00+00:00,231,True,True
2026-02-26T16:30:00+00:00,HIMS,15.57,15.65,15.65,16.28,False,False,0.5,,0.0,False,231,False,False,0.5,,0.0,False,2026-02-25T15:30:00+00:00,231,True,True
2026-02-26T17:00:00+00:00,HIMS,15.27,15.57,15.57,16.28,False,False,0.5,,0.0,False,231,False,False,0.5,,0.0,False,2026-02-25T15:30:00+00:00,231,True,True
2026-02-26T17:30:00+00:00,HIMS,15.25,15.27,15.27,16.28,False,False,0.5,,0.0,False,231,False,False,0.5,,0.0,False,2026-02-25T15:30:00+00:00,231,True,True
2026-02-26T18:00:00+00:00,HIMS,15.05,15.25,15.25,16.28,False,False,0.5,,0.0,False,231,False,False,0.5,,0.0,False,2026-02-25T15:30:00+00:00,231,True,True
2026-02-26T18:30:00+00:00,HIMS,15.11,15.05,15.05,16.28,True,False,0.6770557,BUY,9.0,True,250,True,False,0.6770557,BUY,9.0,True,2026-02-26T18:00:00+00:00,231,True,True
2026-02-26T19:00:00+00:00,HIMS,15.26,15.11,15.05,15.11,False,False,0.5,,0.0,False,250,False,False,0.5,,0.0,False,2026-02-26T18:00:00+00:00,250,True,True
2026-02-26T19:30:00+00:00,HIMS,15.59,15.26,15.05,15.26,False,False,0.5,,0.0,False,250,False,False,0.5,,0.0,False,2026-02-26T18:00:00+00:00,250,True,True
2026-02-26T20:00:00+00:00,HIMS,15.505,15.59,15.05,15.59,False,False,0.5,,0.0,False,250,False,False,0.5,,0.0,False,2026-02-26T18:00:00+00:00,250,True,True
2026-02-26T20:30:00+00:00,HIMS,15.58,15.505,15.05,15.59,False,False,0.5,,0.0,False,250,False,False,0.5,,0.0,False,2026-02-26T18:00:00+00:00,250,True,True
2026-02-27T14:30:00+00:00,HIMS,15.25,15.58,15.05,15.59,False,False,0.5,,0.0,False,250,False,False,0.5,,0.0,False,2026-02-26T18:00:00+00:00,250,True,True
2026-02-27T15:00:00+00:00,HIMS,14.945,15.25,15.05,15.59,False,False,0.5,,0.0,False,250,False,False,0.5,,0.0,False,2026-02-26T18:00:00+00:00,250,True,True
2026-02-27T15:30:00+00:00,HIMS,15.15,14.945,14.945,15.59,False,False,0.5,,0.0,False,250,False,False,0.5,,0.0,False,2026-02-26T18:00:00+00:00,250,True,True
2026-02-27T16:00:00+00:00,HIMS,15.05,15.15,14.945,15.59,False,False,0.5,,0.0,False,250,False,False,0.5,,0.0,False,2026-02-26T18:00:00+00:00,250,True,True
2026-02-27T16:30:00+00:00,HIMS,15.15,15.05,14.945,15.59,False,False,0.5,,0.0,False,250,False,False,0.5,,0.0,False,2026-02-26T18:00:00+00:00,250,True,True
2026-02-27T17:00:00+00:00,HIMS,14.945,15.15,14.945,15.59,False,False,0.5,,0.0,False,250,False,False,0.5,,0.0,False,2026-02-26T18:00:00+00:00,250,True,True
2026-02-27T17:30:00+00:00,HIMS,14.97,14.945,14.945,15.59,False,False,0.5,,0.0,False,250,False,False,0.5,,0.0,False,2026-02-26T18:00:00+00:00,250,True,True
2026-02-27T18:00:00+00:00,HIMS,14.935,14.97,14.945,15.59,False,False,0.5,,0.0,False,250,False,False,0.5,,0.0,False,2026-02-26T18:00:00+00:00,250,True,True
2026-02-27T18:30:00+00:00,HIMS,14.84,14.935,14.935,15.59,False,False,0.5,,0.0,False,250,False,False,0.5,,0.0,False,2026-02-26T18:00:00+00:00,250,True,True
2026-02-27T19:00:00+00:00,HIMS,14.86,14.84,14.84,15.59,False,False,0.5,,0.0,False,250,False,False,0.5,,0.0,False,2026-02-26T18:00:00+00:00,250,True,True
2026-02-27T19:30:00+00:00,HIMS,14.805,14.86,14.84,15.59,False,False,0.5,,0.0,False,250,False,False,0.5,,0.0,False,2026-02-26T18:00:00+00:00,250,True,True
2026-02-27T20:00:00+00:00,HIMS,14.74,14.805,14.805,15.59,False,False,0.5,,0.0,False,250,False,False,0.5,,0.0,False,2026-02-26T18:00:00+00:00,250,True,True
2026-02-27T20:30:00+00:00,HIMS,14.675,14.74,14.74,15.59,False,False,0.5,,0.0,False,250,False,False,0.5,,0.0,False,2026-02-26T18:00:00+00:00,250,True,True
2026-03-02T13:30:00+00:00,HIMS,14.51,14.675,14.675,15.59,False,False,0.5,,0.0,False,250,False,False,0.5,,0.0,False,2026-02-26T18:00:00+00:00,250,True,True
2026-03-02T14:00:00+00:00,HIMS,14.49,14.51,14.51,15.59,False,False,0.5,,0.0,False,250,False,False,0.5,,0.0,False,2026-02-26T18:00:00+00:00,250,True,True
2026-03-02T14:30:00+00:00,HIMS,14.395,14.49,14.49,15.59,False,False,0.5,,0.0,False,250,False,False,0.5,,0.0,False,2026-02-26T18:00:00+00:00,250,True,True
2026-03-02T15:00:00+00:00,HIMS,15.225,14.395,14.395,15.59,False,False,0.5,,0.0,False,250,False,False,0.5,,0.0,False,2026-02-26T18:00:00+00:00,250,True,True
2026-03-02T15:30:00+00:00,HIMS,15.32,15.225,14.395,15.59,False,False,0.5,,0.0,False,250,False,False,0.5,,0.0,False,2026-02-26T18:00:00+00:00,250,True,True
2026-03-02T16:00:00+00:00,HIMS,15.78,15.32,14.395,15.59,False,False,0.5,,0.0,False,250,False,False,0.5,,0.0,False,2026-02-26T18:00:00+00:00,250,True,True
2026-03-02T16:30:00+00:00,HIMS,15.38,15.78,14.395,15.78,False,True,0.64551868,SELL,8.0,True,274,False,True,0.64551868,SELL,8.0,True,2026-03-02T16:00:00+00:00,251,True,True
2026-03-02T17:00:00+00:00,HIMS,15.435,15.38,15.38,15.78,False,False,0.5,,0.0,False,274,False,False,0.5,,0.0,False,2026-03-02T16:00:00+00:00,274,True,True
2026-03-02T17:30:00+00:00,HIMS,15.45,15.435,15.38,15.78,False,False,0.5,,0.0,False,274,False,False,0.5,,0.0,False,2026-03-02T16:00:00+00:00,274,True,True
2026-03-02T18:00:00+00:00,HIMS,15.655,15.45,15.38,15.78,False,False,0.5,,0.0,False,274,False,False,0.5,,0.0,False,2026-03-02T16:00:00+00:00,274,True,True
2026-03-02T18:30:00+00:00,HIMS,15.75,15.655,15.38,15.78,False,False,0.5,,0.0,False,274,False,False,0.5,,0.0,False,2026-03-02T16:00:00+00:00,274,True,True
2026-03-02T19:00:00+00:00,HIMS,16.02,15.75,15.38,15.78,False,False,0.5,,0.0,False,274,False,False,0.5,,0.0,False,2026-03-02T16:00:00+00:00,274,True,True
2026-03-02T19:30:00+00:00,HIMS,16.06,16.02,15.38,16.02,False,False,0.5,,0.0,False,274,False,False,0.5,,0.0,False,2026-03-02T16:00:00+00:00,274,True,True
2026-03-02T20:00:00+00:00,HIMS,16.105,16.06,15.38,16.06,False,False,0.5,,0.0,False,274,False,False,0.5,,0.0,False,2026-03-02T16:00:00+00:00,274,True,True
2026-03-02T20:30:00+00:00,HIMS,16.19,16.105,15.38,16.105,False,False,0.5,,0.0,False,274,False,False,0.5,,0.0,False,2026-03-02T16:00:00+00:00,274,True,True
2026-03-02T21:00:00+00:00,HIMS,16.53,16.19,15.38,16.19,False,False,0.5,,0.0,False,274,False,False,0.5,,0.0,False,2026-03-02T16:00:00+00:00,274,True,True
2026-03-03T14:30:00+00:00,HIMS,16.05,16.53,15.38,16.53,False,False,0.5,,0.0,False,274,False,False,0.5,,0.0,False,2026-03-02T16:00:00+00:00,274,True,True
2026-03-03T15:00:00+00:00,HIMS,15.77,16.05,15.38,16.53,False,False,0.5,,0.0,False,274,False,False,0.5,,0.0,False,2026-03-02T16:00:00+00:00,274,True,True
2026-03-03T15:30:00+00:00,HIMS,15.53,15.77,15.38,16.53,False,False,0.5,,0.0,False,274,False,False,0.5,,0.0,False,2026-03-02T16:00:00+00:00,274,True,True
2026-03-03T16:00:00+00:00,HIMS,15.33,15.53,15.38,16.53,False,False,0.5,,0.0,False,274,False,False,0.5,,0.0,False,2026-03-02T16:00:00+00:00,274,True,True
2026-03-03T16:30:00+00:00,HIMS,15.545,15.33,15.33,16.53,True,False,0.57108308,BUY,7.0,True,288,True,False,0.57108308,BUY,7.0,True,2026-03-03T16:00:00+00:00,274,True,True
2026-03-03T17:00:00+00:00,HIMS,15.605,15.545,15.33,15.545,False,False,0.5,,0.0,False,288,False,False,0.5,,0.0,False,2026-03-03T16:00:00+00:00,288,True,True
2026-03-03T17:30:00+00:00,HIMS,15.56,15.605,15.33,15.605,False,False,0.5,,0.0,False,288,False,False,0.5,,0.0,False,2026-03-03T16:00:00+00:00,288,True,True
2026-03-03T18:00:00+00:00,HIMS,15.805,15.56,15.33,15.605,False,False,0.5,,0.0,False,288,False,False,0.5,,0.0,False,2026-03-03T16:00:00+00:00,288,True,True
2026-03-03T18:30:00+00:00,HIMS,16.03,15.805,15.33,15.805,False,False,0.5,,0.0,False,288,False,False,0.5,,0.0,False,2026-03-03T16:00:00+00:00,288,True,True
2026-03-03T19:00:00+00:00,HIMS,16.23,16.03,15.33,16.03,False,False,0.5,,0.0,False,288,False,False,0.5,,0.0,False,2026-03-03T16:00:00+00:00,288,True,True
2026-03-03T19:30:00+00:00,HIMS,16.15,16.23,15.33,16.23,False,True,0.52478478,SELL,7.0,True,294,False,True,0.52478478,SELL,7.0,True,2026-03-03T19:00:00+00:00,288,True,True
2026-03-03T20:00:00+00:00,HIMS,16.05,16.15,16.15,16.23,False,False,0.5,,0.0,False,294,False,False,0.5,,0.0,False,2026-03-03T19:00:00+00:00,294,True,True
2026-03-03T20:30:00+00:00,HIMS,15.905,16.05,16.05,16.23,False,False,0.5,,0.0,False,294,False,False,0.5,,0.0,False,2026-03-03T19:00:00+00:00,294,True,True
2026-03-04T13:30:00+00:00,HIMS,16.1,15.905,15.905,16.23,False,False,0.5,,0.0,False,294,False,False,0.5,,0.0,False,2026-03-03T19:00:00+00:00,294,True,True
2026-03-04T14:30:00+00:00,HIMS,15.89,16.1,15.905,16.23,False,False,0.5,,0.0,False,294,False,False,0.5,,0.0,False,2026-03-03T19:00:00+00:00,294,True,True
2026-02-03T21:00:00+00:00,TSLA,422.41,418.75,415.985,426.62,False,False,0.5,,0.0,False,0,False,False,0.5,,0.0,False,,1,True,True
2026-02-03T21:30:00+00:00,TSLA,420.02,422.41,415.985,426.62,False,False,0.5,,0.0,False,0,False,False,0.5,,0.0,False,,2,True,True
2026-02-04T13:00:00+00:00,TSLA,420.79,420.02,415.985,426.62,False,False,0.5,,0.0,False,0,False,False,0.5,,0.0,False,,3,True,True
2026-02-04T14:30:00+00:00,TSLA,420.46,420.79,415.985,426.62,False,False,0.5,,0.0,False,0,False,False,0.5,,0.0,False,,4,True,True
2026-02-04T15:00:00+00:00,TSLA,418.895,420.46,415.985,426.62,False,False,0.5,,0.0,False,0,False,False,0.5,,0.0,False,,5,True,True
2026-02-04T15:30:00+00:00,TSLA,416.79,418.895,415.985,426.62,False,False,0.5,,0.0,False,0,False,False,0.5,,0.0,False,,6,True,True
2026-02-04T16:00:00+00:00,TSLA,412.11,416.79,415.985,426.62,False,False,0.5,,0.0,False,0,False,False,0.5,,0.0,False,,7,True,True
2026-02-04T16:30:00+00:00,TSLA,408.75,412.11,412.11,426.62,False,False,0.5,,0.0,False,0,False,False,0.5,,0.0,False,,8,True,True
2026-02-04T17:00:00+00:00,TSLA,406.34,408.75,408.75,425.575,False,False,0.5,,0.0,False,0,False,False,0.5,,0.0,False,,9,True,True
2026-02-04T17:30:00+00:00,TSLA,402.965,406.34,406.34,425.575,False,False,0.5,,0.0,False,0,False,False,0.5,,0.0,False,,10,True,True
2026-02-04T18:00:00+00:00,TSLA,402.465,402.965,402.965,425.575,False,False,0.5,,0.0,False,0,False,False,0.5,,0.0,False,,11,True,True
2026-02-04T18:30:00+00:00,TSLA,406.32,402.465,402.465,425.575,False,False,0.5,,0.0,False,0,False,False,0.5,,0.0,False,,12,True,True
2026-02-04T19:00:00+00:00,TSLA,405.2,406.32,402.465,425.575,False,False,0.5,,0.0,False,0,False,False,0.5,,0.0,False,,13,True,True
2026-02-04T19:30:00+00:00,TSLA,404.75,405.2,402.465,425.575,False,False,0.5,,0.0,False,0,False,False,0.5,,0.0,False,,14,True,True
2026-02-04T20:00:00+00:00,TSLA,408.97,404.75,402.465,425.575,False,False,0.5,,0.0,False,0,False,False,0.5,,0.0,False,,15,True,True
2026-02-04T20:30:00+00:00,TSLA,407.81,408.97,402.465,425.575,False,False,0.5,,0.0,False,0,False,False,0.5,,0.0,False,,16,True,True
2026-02-04T21:30:00+00:00,TSLA,407.22,407.81,402.465,425.575,False,False,0.5,,0.0,False,0,False,False,0.5,,0.0,False,,17,True,True
2026-02-05T13:00:00+00:00,TSLA,398.85,407.22,402.465,422.41,False,False,0.5,,0.0,False,0,False,False,0.5,,0.0,False,,18,True,True
2026-02-05T13:30:00+00:00,TSLA,397.65,398.85,398.85,422.41,False,False,0.5,,0.0,False,0,False,False,0.5,,0.0,False,,19,True,True
2026-02-05T14:00:00+00:00,TSLA,395.49,397.65,397.65,422.41,False,False,0.5,,0.0,False,0,False,False,0.5,,0.0,False,,20,True,True
2026-02-05T14:30:00+00:00,TSLA,397.04,395.49,395.49,422.41,True,False,0.57482815,BUY,0.0,False,0,True,False,0.57482815,BUY,0.0,False,,21,True,True
2026-02-05T15:00:00+00:00,TSLA,394.86,397.04,395.49,422.41,False,False,0.5,,0.0,False,0,False,False,0.5,,0.0,False,,22,True,True
2026-02-05T15:30:00+00:00,TSLA,390.1,394.86,394.86,422.41,False,False,0.5,,0.0,False,0,False,False,0.5,,0.0,False,,23,True,True
2026-02-05T16:00:00+00:00,TSLA,392.83,390.1,390.1,422.41,True,False,0.65999867,BUY,0.0,False,0,True,False,0.65999867,BUY,0.0,False,,24,True,True
2026-02-05T16:30:00+00:00,TSLA,396.92,392.83,390.1,422.41,True,False,0.57709643,BUY,0.0,False,0,True,False,0.57709643,BUY,0.0,False,,25,True,True
2026-02-05T17:00:00+00:00,TSLA,397.965,396.92,390.1,420.79,True,False,0.53029395,BUY,0.0,False,0,True,False,0.53029395,BUY,0.0,False,,26,True,True
2026-02-05T17:30:00+00:00,TSLA,399.9,397.965,390.1,420.79,False,False,0.5,,0.0,False,0,False,False,0.5,,0.0,False,,27,True,True
2026-02-05T18:00:00+00:00,TSLA,400.34,399.9,390.1,420.46,False,False,0.5,,0.0,False,0,False,False,0.5,,0.0,False,,28,True,True
2026-02-05T18:30:00+00:00,TSLA,399.58,400.34,390.1,418.895,False,False,0.5,,0.0,False,0,False,False,0.5,,0.0,False,,29,True,True
2026-02-05T19:00:00+00:00,TSLA,398.95,399.58,390.1,416.79,False,False,0.5,,0.0,False,0,False,False,0.5,,0.0,False,,30,True,True
2026-02-05T19:30:00+00:00,TSLA,398.81,398.95,390.1,412.11,False,False,0.5,,0.0,False,0,False,False,0.5,,0.0,False,,31,True,True
2026-02-05T20:00:00+00:00,TSLA,396.2,398.81,390.1,408.97,False,False,0.5,,0.0,False,0,False,False,0.5,,0.0,False,,32,True,True
2026-02-05T20:30:00+00:00,TSLA,394.08,396.2,390.1,408.97,False,False,0.5,,0.0,False,0,False,False,0.5,,0.0,False,,33,True,True
2026-02-05T21:00:00+00:00,TSLA,397.02,394.08,390.1,408.97,False,False,0.5,,0.0,False,0,False,False,0.5,,0.0,False,,34,True,True
2026-02-05T21:30:00+00:00,TSLA,395.06,397.02,390.1,408.97,False,False,0.5,,0.0,False,0,False,False,0.5,,0.0,False,,35,True,True
2026-02-06T13:00:00+00:00,TSLA,400.33,395.06,390.1,408.97,False,False,0.5,,0.0,False,0,False,False,0.5,,0.0,False,,36,True,True
2026-02-06T14:00:00+00:00,TSLA,402.35,400.33,390.1,408.97,False,False,0.5,,0.0,False,0,False,False,0.5,,0.0,False,,37,True,True
2026-02-06T14:30:00+00:00,TSLA,400.88,402.35,390.1,408.97,False,False,0.5,,0.0,False,0,False,False,0.5,,0.0,False,,38,True,True
2026-02-06T15:00:00+00:00,TSLA,406.79,400.88,390.1,408.97,False,False,0.5,,0.0,False,0,False,False,0.5,,0.0,False,,39,True,True
2026-02-06T15:30:00+00:00,TSLA,410.13,406.79,390.1,407.81,False,False,0.5,,0.0,False,0,False,False,0.5,,0.0,False,,40,True,True
2026-02-06T16:00:00+00:00,TSLA,409.05,410.13,390.1,410.13,False,False,0.5,,0.0,False,0,False,False,0.5,,0.0,False,,41,True,True
2026-02-06T16:30:00+00:00,TSLA,410.295,409.05,390.1,410.13,False,False,0.5,,0.0,False,0,False,False,0.5,,0.0,False,,42,True,True
2026-02-06T17:00:00+00:00,TSLA,410.495,410.295,390.1,410.295,False,False,0.5,,0.0,False,0,False,False,0.5,,0.0,False,,43,True,True
2026-02-06T17:30:00+00:00,TSLA,413.795,410.495,390.1,410.495,False,False,0.5,,0.0,False,0,False,False,0.5,,0.0,False,,44,True,True
2026-02-06T18:00:00+00:00,TSLA,413.325,413.795,390.1,413.795,False,True,0.57066672,SELL,0.0,False,0,False,True,0.57066672,SELL,0.0,False,,45,True,True
2026-02-06T18:30:00+00:00,TSLA,412.295,413.325,390.1,413.795,False,True,0.55015626,SELL,0.0,False,0,False,True,0.55015626,SELL,0.0,False,,46,True,True
2026-02-06T19:00:00+00:00,TSLA,411.3,412.295,390.1,413.795,False,True,0.53104308,SELL,0.0,False,0,False,True,0.53104308,SELL,0.0,False,,47,True,True
2026-02-06T19:30:00+00:00,TSLA,413.33,411.3,392.83,413.795,False,False,0.5,,0.0,False,0,False,False,0.5,,0.0,False,,48,True,True
2026-02-06T20:00:00+00:00,TSLA,413.545,413.33,394.08,413.795,False,False,0.5,,0.0,False,0,False,False,0.5,,0.0,False,,49,True,True
2026-02-06T20:30:00+00:00,TSLA,413.35,413.545,394.08,413.795,False,False,0.5,,0.0,False,0,False,False,0.5,,0.0,False,,50,True,True
2026-02-06T21:00:00+00:00,TSLA,410.25,413.35,394.08,413.795,False,False,0.5,,0.0,False,0,False,False,0.5,,0.0,False,,51,True,True
2026-02-09T14:30:00+00:00,TSLA,409.925,410.25,394.08,413.795,False,False,0.5,,0.0,False,0,False,False,0.5,,0.0,False,,52,True,True
2026-02-09T15:00:00+00:00,TSLA,409.58,409.925,394.08,413.795,False,False,0.5,,0.0,False,0,False,False,0.5,,0.0,False,,53,True,True
2026-02-09T15:30:00+00:00,TSLA,413.02,409.58,394.08,413.795,False,False,0.5,,0.0,False,0,False,False,0.5,,0.0,False,,54,True,True
2026-02-09T16:00:00+00:00,TSLA,417.92,413.02,394.08,413.795,False,False,0.5,,0.0,False,0,False,False,0.5,,0.0,False,,55,True,True
2026-02-09T16:30:00+00:00,TSLA,418.57,417.92,394.08,417.92,False,False,0.5,,0.0,False,0,False,False,0.5,,0.0,False,,56,True,True
2026-02-09T17:00:00+00:00,TSLA,420.39,418.57,394.08,418.57,False,False,0.5,,0.0,False,0,False,False,0.5,,0.0,False,,57,True,True
2026-02-09T17:30:00+00:00,TSLA,420.56,420.39,395.06,420.39,False,False,0.5,,0.0,False,0,False,False,0.5,,0.0,False,,58,True,True
2026-02-09T18:00:00+00:00,TSLA,419.48,420.56,395.06,420.56,False,True,0.58897076,SELL,0.0,False,0,False,True,0.58897076,SELL,0.0,False,,59,True,True
2026-02-09T18:30:00+00:00,TSLA,418.205,419.48,400.33,420.56,False,False,0.5,,0.0,False,0,False,False,0.5,,0.0,False,,60,True,True
2026-02-09T19:00:00+00:00,TSLA,419.46,418.205,400.88,420.56,False,False,0.5,,0.0,False,0,False,False,0.5,,0.0,False,,61,True,True
2026-02-09T19:30:00+00:00,TSLA,420.055,419.46,400.88,420.56,False,False,0.5,,0.0,False,0,False,False,0.5,,0.0,False,,62,True,True
2026-02-09T20:00:00+00:00,TSLA,419.82,420.055,406.79,420.56,False,False,0.5,,0.0,False,0,False,False,0.5,,0.0,False,,63,True,True
2026-02-09T20:30:00+00:00,TSLA,420.03,419.82,409.05,420.56,False,False,0.5,,0.0,False,0,False,False,0.5,,0.0,False,,64,True,True
2026-02-10T13:00:00+00:00,TSLA,419.09,420.03,409.05,420.56,False,False,0.5,,0.0,False,0,False,False,0.5,,0.0,False,,65,True,True
2026-02-10T13:30:00+00:00,TSLA,419.26,419.09,409.58,420.56,False,False,0.5,,0.0,False,0,False,False,0.5,,0.0,False,,66,True,True
2026-02-10T14:30:00+00:00,TSLA,418.245,419.26,409.58,420.56,False,False,0.5,,0.0,False,0,False,False,0.5,,0.0,False,,67,True,True
2026-02-10T15:00:00+00:00,TSLA,422.14,418.245,409.58,420.56,False,False,0.5,,0.0,False,0,False,False,0.5,,0.0,False,,68,True,True
2026-02-10T15:30:00+00:00,TSLA,423.28,422.14,409.58,422.14,False,False,0.5,,0.0,False,0,False,False,0.5,,0.0,False,,69,True,True
2026-02-10T16:00:00+00:00,TSLA,425.19,423.28,409.58,423.28,False,False,0.5,,0.0,False,0,False,False,0.5,,0.0,False,,70,True,True
2026-02-10T16:30:00+00:00,TSLA,421.48,425.19,409.58,425.19,False,False,0.5,,0.0,False,0,False,False,0.5,,0.0,False,,71,True,True
2026-02-10T17:00:00+00:00,TSLA,423.54,421.48,409.58,425.19,False,False,0.5,,0.0,False,0,False,False,0.5,,0.0,False,,72,True,True
2026-02-10T17:30:00+00:00,TSLA,424.71,423.54,409.58,425.19,False,False,0.5,,0.0,False,0,False,False,0.5,,0.0,False,,73,True,True
2026-02-10T18:00:00+00:00,TSLA,425.13,424.71,409.58,425.19,False,False,0.5,,0.0,False,0,False,False,0.5,,0.0,False,,74,True,True
2026-02-10T18:30:00+00:00,TSLA,423.28,425.13,409.58,425.19,False,False,0.5,,0.0,False,0,False,False,0.5,,0.0,False,,75,True,True
2026-02-10T19:00:00+00:00,TSLA,424.73,423.28,409.58,425.19,False,False,0.5,,0.0,False,0,False,False,0.5,,0.0,False,,76,True,True
2026-02-10T19:30:00+00:00,TSLA,425.04,424.73,409.58,425.19,False,False,0.5,,0.0,False,0,False,False,0.5,,0.0,False,,77,True,True
2026-02-10T20:00:00+00:00,TSLA,425.78,425.04,413.02,425.19,False,False,0.5,,0.0,False,0,False,False,0.5,,0.0,False,,78,True,True
2026-02-10T20:30:00+00:00,TSLA,424.36,425.78,417.92,425.78,False,False,0.5,,0.0,False,0,False,False,0.5,,0.0,False,,79,True,True
2026-02-11T13:00:00+00:00,TSLA,423.77,424.36,418.205,425.78,False,False,0.5,,0.0,False,0,False,False,0.5,,0.0,False,,80,True,True
2026-02-11T13:30:00+00:00,TSLA,424.83,423.77,418.205,425.78,False,False,0.5,,0.0,False,0,False,False,0.5,,0.0,False,,81,True,True
2026-02-11T14:30:00+00:00,TSLA,429.0,424.83,418.205,425.78,False,False,0.5,,0.0,False,0,False,False,0.5,,0.0,False,,82,True,True
2026-02-11T15:00:00+00:00,TSLA,431.34,429.0,418.205,429.0,False,False,0.5,,0.0,False,0,False,False,0.5,,0.0,False,,83,True,True
2026-02-11T15:30:00+00:00,TSLA,421.71,431.34,418.205,431.34,False,False,0.5,,0.0,False,0,False,False,0.5,,0.0,False,,84,True,True
2026-02-11T16:00:00+00:00,TSLA,424.475,421.71,418.245,431.34,False,False,0.5,,0.0,False,0,False,False,0.5,,0.0,False,,85,True,True
2026-02-11T16:30:00+00:00,TSLA,426.32,424.475,418.245,431.34,False,False,0.5,,0.0,False,0,False,False,0.5,,0.0,False,,86,True,True
2026-02-11T17:00:00+00:00,TSLA,423.31,426.32,418.245,431.34,False,False,0.5,,0.0,False,0,False,False,0.5,,0.0,False,,87,True,True
2026-02-11T17:30:00+00:00,TSLA,424.94,423.31,418.245,431.34,False,False,0.5,,0.0,False,0,False,False,0.5,,0.0,False,,88,True,True
2026-02-11T18:00:00+00:00,TSLA,423.625,424.94,418.245,431.34,False,False,0.5,,0.0,False,0,False,False,0.5,,0.0,False,,89,True,True
2026-02-11T18:30:00+00:00,TSLA,424.79,423.625,418.245,431.34,False,False,0.5,,0.0,False,0,False,False,0.5,,0.0,False,,90,True,True
2026-02-11T19:00:00+00:00,TSLA,425.61,424.79,418.245,431.34,False,False,0.5,,0.0,False,0,False,False,0.5,,0.0,False,,91,True,True
2026-02-11T19:30:00+00:00,TSLA,427.53,425.61,421.48,431.34,False,False,0.5,,0.0,False,0,False,False,0.5,,0.0,False,,92,True,True
2026-02-11T20:00:00+00:00,TSLA,426.8,427.53,421.48,431.34,False,False,0.5,,0.0,False,0,False,False,0.5,,0.0,False,,93,True,True
2026-02-11T20:30:00+00:00,TSLA,425.71,426.8,421.48,431.34,False,False,0.5,,0.0,False,0,False,False,0.5,,0.0,False,,94,True,True
2026-02-12T13:30:00+00:00,TSLA,431.1,425.71,421.48,431.34,False,False,0.5,,0.0,False,0,False,False,0.5,,0.0,False,,95,True,True
2026-02-12T14:30:00+00:00,TSLA,430.315,431.1,421.71,431.34,False,False,0.5,,0.0,False,0,False,False,0.5,,0.0,False,,96,True,True
2026-02-12T15:00:00+00:00,TSLA,428.345,430.315,421.71,431.34,False,False,0.5,,0.0,False,0,False,False,0.5,,0.0,False,,97,True,True
2026-02-12T15:30:00+00:00,TSLA,429.79,428.345,421.71,431.34,False,False,0.5,,0.0,False,0,False,False,0.5,,0.0,False,,98,True,True
2026-02-12T16:00:00+00:00,TSLA,425.19,429.79,421.71,431.34,False,False,0.5,,0.0,False,0,False,False,0.5,,0.0,False,,99,True,True
2026-02-12T16:30:00+00:00,TSLA,419.325,425.19,421.71,431.34,False,False,0.5,,0.0,False,0,False,False,0.5,,0.0,False,,100,True,True
2026-02-12T17:00:00+00:00,TSLA,418.555,419.325,419.325,431.34,False,False,0.5,,0.0,False,0,False,False,0.5,,0.0,False,,101,True,True
2026-02-12T17:30:00+00:00,TSLA,418.02,418.555,418.555,431.34,False,False,0.5,,0.0,False,0,False,False,0.5,,0.0,False,,102,True,True
2026-02-12T18:00:00+00:00,TSLA,414.33,418.02,418.02,431.34,False,False,0.5,,0.0,False,0,False,False,0.5,,0.0,False,,103,True,True
2026-02-12T18:30:00+00:00,TSLA,416.71,414.33,414.33,431.34,False,False,0.5,,0.0,False,0,False,False,0.5,,0.0,False,,104,True,True
2026-02-12T19:00:00+00:00,TSLA,416.55,416.71,414.33,431.34,False,False,0.5,,0.0,False,0,False,False,0.5,,0.0,False,,105,True,True
2026-02-12T19:30:00+00:00,TSLA,414.66,416.55,414.33,431.34,False,False,0.5,,0.0,False,0,False,False,0.5,,0.0,False,,106,True,True
2026-02-12T20:00:00+00:00,TSLA,415.29,414.66,414.33,431.34,False,False,0.5,,0.0,False,0,False,False,0.5,,0.0,False,,107,True,True
2026-02-12T20:30:00+00:00,TSLA,414.8,415.29,414.33,431.1,False,False,0.5,,0.0,False,0,False,False,0.5,,0.0,False,,108,True,True
2026-02-12T21:00:00+00:00,TSLA,416.87,414.8,414.33,431.1,False,False,0.5,,0.0,False,0,False,False,0.5,,0.0,False,,109,True,True
2026-02-13T13:30:00+00:00,TSLA,416.61,416.87,414.33,431.1,False,False,0.5,,0.0,False,0,False,False,0.5,,0.0,False,,110,True,True
2026-02-13T14:00:00+00:00,TSLA,417.39,416.61,414.33,431.1,False,False,0.5,,0.0,False,0,False,False,0.5,,0.0,False,,111,True,True
2026-02-13T14:30:00+00:00,TSLA,414.13,417.39,414.33,431.1,False,False,0.5,,0.0,False,0,False,False,0.5,,0.0,False,,112,True,True
2026-02-13T15:00:00+00:00,TSLA,413.32,414.13,414.13,431.1,False,False,0.5,,0.0,False,0,False,False,0.5,,0.0,False,,113,True,True
2026-02-13T15:30:00+00:00,TSLA,416.06,413.32,413.32,431.1,False,False,0.5,,0.0,False,0,False,False,0.5,,0.0,False,,114,True,True
2026-02-13T16:00:00+00:00,TSLA,415.31,416.06,413.32,431.1,False,False,0.5,,0.0,False,0,False,False,0.5,,0.0,False,,115,True,True
2026-02-13T16:30:00+00:00,TSLA,418.035,415.31,413.32,431.1,False,False,0.5,,0.0,False,0,False,False,0.5,,0.0,False,,116,True,True
2026-02-13T17:00:00+00:00,TSLA,419.29,418.035,413.32,431.1,False,False,0.5,,0.0,False,0,False,False,0.5,,0.0,False,,117,True,True
2026-02-13T17:30:00+00:00,TSLA,420.44,419.29,413.32,431.1,False,False,0.5,,0.0,False,0,False,False,0.5,,0.0,False,,118,True,True
2026-02-13T18:00:00+00:00,TSLA,419.45,420.44,413.32,431.1,False,False,0.5,,0.0,False,0,False,False,0.5,,0.0,False,,119,True,True
2026-02-13T18:30:00+00:00,TSLA,420.38,419.45,413.32,430.315,False,False,0.5,,0.0,False,0,False,False,0.5,,0.0,False,,120,True,True
2026-02-13T19:00:00+00:00,TSLA,421.71,420.38,413.32,429.79,False,False,0.5,,0.0,False,0,False,False,0.5,,0.0,False,,121,True,True
2026-02-13T19:30:00+00:00,TSLA,420.67,421.71,413.32,429.79,False,False,0.5,,0.0,False,0,False,False,0.5,,0.0,False,,122,True,True
2026-02-13T20:00:00+00:00,TSLA,419.77,420.67,413.32,425.19,False,False,0.5,,0.0,False,0,False,False,0.5,,0.0,False,,123,True,True
2026-02-13T20:30:00+00:00,TSLA,417.59,419.77,413.32,421.71,False,False,0.5,,0.0,False,0,False,False,0.5,,0.0,False,,124,True,True
2026-02-13T21:00:00+00:00,TSLA,417.75,417.59,413.32,421.71,False,False,0.5,,0.0,False,0,False,False,0.5,,0.0,False,,125,True,True
2026-02-17T13:30:00+00:00,TSLA,411.39,417.75,413.32,421.71,False,False,0.5,,0.0,False,0,False,False,0.5,,0.0,False,,126,True,True
2026-02-17T14:00:00+00:00,TSLA,412.3,411.39,411.39,421.71,False,False,0.5,,0.0,False,0,False,False,0.5,,0.0,False,,127,True,True
2026-02-17T14:30:00+00:00,TSLA,412.68,412.3,411.39,421.71,False,False,0.5,,0.0,False,0,False,False,0.5,,0.0,False,,128,True,True
2026-02-17T15:00:00+00:00,TSLA,402.775,412.68,411.39,421.71,False,False,0.5,,0.0,False,0,False,False,0.5,,0.0,False,,129,True,True
2026-02-17T15:30:00+00:00,TSLA,401.23,402.775,402.775,421.71,False,False,0.5,,0.0,False,0,False,False,0.5,,0.0,False,,130,True,True
2026-02-17T16:00:00+00:00,TSLA,404.71,401.23,401.23,421.71,False,False,0.5,,0.0,False,0,False,False,0.5,,0.0,False,,131,True,True
2026-02-17T16:30:00+00:00,TSLA,408.185,404.71,401.23,421.71,False,False,0.5,,0.0,False,0,False,False,0.5,,0.0,False,,132,True,True
2026-02-17T17:00:00+00:00,TSLA,407.545,408.185,401.23,421.71,False,False,0.5,,0.0,False,0,False,False,0.5,,0.0,False,,133,True,True
2026-02-17T17:30:00+00:00,TSLA,406.61,407.545,401.23,421.71,False,False,0.5,,0.0,False,0,False,False,0.5,,0.0,False,,134,True,True
2026-02-17T18:00:00+00:00,TSLA,405.46,406.61,401.23,421.71,False,False,0.5,,0.0,False,0,False,False,0.5,,0.0,False,,135,True,True
2026-02-17T18:30:00+00:00,TSLA,409.49,405.46,401.23,421.71,False,False,0.5,,0.0,False,0,False,False,0.5,,0.0,False,,136,True,True
2026-02-17T19:00:00+00:00,TSLA,412.46,409.49,401.23,421.71,False,False,0.5,,0.0,False,0,False,False,0.5,,0.0,False,,137,True,True
2026-02-17T19:30:00+00:00,TSLA,411.42,412.46,401.23,421.71,False,False,0.5,,0.0,False,0,False,False,0.5,,0.0,False,,138,True,True
2026-02-17T20:00:00+00:00,TSLA,410.83,411.42,401.23,421.71,False,False,0.5,,0.0,False,0,False,False,0.5,,0.0,False,,139,True,True
2026-02-17T20:30:00+00:00,TSLA,410.4,410.83,401.23,421.71,False,False,0.5,,0.0,False,0,False,False,0.5,,0.0,False,,140,True,True
2026-02-17T21:30:00+00:00,TSLA,410.22,410.4,401.23,421.71,False,False,0.5,,0.0,False,0,False,False,0.5,,0.0,False,,141,True,True
2026-02-18T13:30:00+00:00,TSLA,411.69,410.22,401.23,421.71,False,False,0.5,,0.0,False,0,False,False,0.5,,0.0,False,,142,True,True
2026-02-18T14:30:00+00:00,TSLA,410.67,411.69,401.23,421.71,False,False,0.5,,0.0,False,0,False,False,0.5,,0.0,False,,143,True,True
2026-02-18T15:00:00+00:00,TSLA,412.5,410.67,401.23,421.71,False,False,0.5,,0.0,False,0,False,False,0.5,,0.0,False,,144,True,True
2026-02-18T15:30:00+00:00,TSLA,413.13,412.5,401.23,421.71,False,False,0.5,,0.0,False,0,False,False,0.5,,0.0,False,,145,True,True
2026-02-18T16:00:00+00:00,TSLA,415.27,413.13,401.23,420.67,False,False,0.5,,0.0,False,0,False,False,0.5,,0.0,False,,146,True,True
2026-02-18T16:30:00+00:00,TSLA,414.425,415.27,401.23,419.77,False,False,0.5,,0.0,False,0,False,False,0.5,,0.0,False,,147,True,True
2026-02-18T17:00:00+00:00,TSLA,413.995,414.425,401.23,417.75,False,False,0.5,,0.0,False,0,False,False,0.5,,0.0,False,,148,True,True
2026-02-18T17:30:00+00:00,TSLA,415.16,413.995,401.23,417.75,False,False,0.5,,0.0,False,0,False,False,0.5,,0.0,False,,149,True,True
2026-02-18T18:00:00+00:00,TSLA,416.2,415.16,401.23,415.27,False,False,0.5,,0.0,False,0,False,False,0.5,,0.0,False,,150,True,True
2026-02-18T18:30:00+00:00,TSLA,413.94,416.2,401.23,416.2,False,False,0.5,,0.0,False,0,False,False,0.5,,0.0,False,,151,True,True
2026-02-18T19:00:00+00:00,TSLA,413.3,413.94,401.23,416.2,False,False,0.5,,0.0,False,0,False,False,0.5,,0.0,False,,152,True,True
2026-02-18T19:30:00+00:00,TSLA,412.33,413.3,401.23,416.2,False,False,0.5,,0.0,False,0,False,False,0.5,,0.0,False,,153,True,True
2026-02-18T20:00:00+00:00,TSLA,410.52,412.33,401.23,416.2,False,False,0.5,,0.0,False,0,False,False,0.5,,0.0,False,,154,True,True
2026-02-18T20:30:00+00:00,TSLA,410.62,410.52,404.71,416.2,False,False,0.5,,0.0,False,0,False,False,0.5,,0.0,False,,155,True,True
2026-02-19T14:00:00+00:00,TSLA,407.43,410.62,405.46,416.2,False,False,0.5,,0.0,False,0,False,False,0.5,,0.0,False,,156,True,True
2026-02-19T14:30:00+00:00,TSLA,407.25,407.43,405.46,416.2,False,False,0.5,,0.0,False,0,False,False,0.5,,0.0,False,,157,True,True
2026-02-19T15:00:00+00:00,TSLA,408.125,407.25,405.46,416.2,False,False,0.5,,0.0,False,0,False,False,0.5,,0.0,False,,158,True,True
2026-02-19T15:30:00+00:00,TSLA,408.555,408.125,405.46,416.2,False,False,0.5,,0.0,False,0,False,False,0.5,,0.0,False,,159,True,True
2026-02-19T16:00:00+00:00,TSLA,412.9,408.555,407.25,416.2,False,False,0.5,,0.0,False,0,False,False,0.5,,0.0,False,,160,True,True
2026-02-19T16:30:00+00:00,TSLA,413.87,412.9,407.25,416.2,False,False,0.5,,0.0,False,0,False,False,0.5,,0.0,False,,161,True,True
2026-02-19T17:00:00+00:00,TSLA,413.04,413.87,407.25,416.2,False,False,0.5,,0.0,False,0,False,False,0.5,,0.0,False,,162,True,True
2026-02-19T17:30:00+00:00,TSLA,413.51,413.04,407.25,416.2,False,False,0.5,,0.0,False,0,False,False,0.5,,0.0,False,,163,True,True
2026-02-19T18:00:00+00:00,TSLA,409.58,413.51,407.25,416.2,False,False,0.5,,0.0,False,0,False,False,0.5,,0.0,False,,164,True,True
2026-02-19T18:30:00+00:00,TSLA,409.83,409.58,407.25,416.2,False,False,0.5,,0.0,False,0,False,False,0.5,,0.0,False,,165,True,True
2026-02-19T19:00:00+00:00,TSLA,410.85,409.83,407.25,416.2,False,False,0.5,,0.0,False,0,False,False,0.5,,0.0,False,,166,True,True
2026-02-19T19:30:00+00:00,TSLA,409.66,410.85,407.25,416.2,False,False,0.5,,0.0,False,0,False,False,0.5,,0.0,False,,167,True,True
2026-02-19T20:00:00+00:00,TSLA,410.01,409.66,407.25,416.2,False,False,0.5,,0.0,False,0,False,False,0.5,,0.0,False,,168,True,True
2026-02-19T20:30:00+00:00,TSLA,409.93,410.01,407.25,416.2,False,False,0.5,,0.0,False,0,False,False,0.5,,0.0,False,,169,True,True
2026-02-20T13:00:00+00:00,TSLA,411.3,409.93,407.25,416.2,False,False,0.5,,0.0,False,0,False,False,0.5,,0.0,False,,170,True,True
2026-02-20T14:30:00+00:00,TSLA,406.0,411.3,407.25,416.2,False,False,0.5,,0.0,False,0,False,False,0.5,,0.0,False,,171,True,True
2026-02-20T15:00:00+00:00,TSLA,408.365,406.0,406.0,416.2,False,False,0.5,,0.0,False,0,False,False,0.5,,0.0,False,,172,True,True
2026-02-20T15:30:00+00:00,TSLA,409.79,408.365,406.0,416.2,False,False,0.5,,0.0,False,0,False,False,0.5,,0.0,False,,173,True,True
2026-02-20T16:00:00+00:00,TSLA,413.46,409.79,406.0,416.2,False,False,0.5,,0.0,False,0,False,False,0.5,,0.0,False,,174,True,True
2026-02-20T16:30:00+00:00,TSLA,409.23,413.46,406.0,413.94,False,False,0.5,,0.0,False,0,False,False,0.5,,0.0,False,,175,True,True
2026-02-20T17:00:00+00:00,TSLA,410.92,409.23,406.0,413.87,False,False,0.5,,0.0,False,0,False,False,0.5,,0.0,False,,176,True,True
2026-02-20T17:30:00+00:00,TSLA,407.49,410.92,406.0,413.87,False,False,0.5,,0.0,False,0,False,False,0.5,,0.0,False,,177,True,True
2026-02-20T18:00:00+00:00,TSLA,409.6,407.49,406.0,413.87,False,False,0.5,,0.0,False,0,False,False,0.5,,0.0,False,,178,True,True
2026-02-20T18:30:00+00:00,TSLA,409.41,409.6,406.0,413.87,False,False,0.5,,0.0,False,0,False,False,0.5,,0.0,False,,179,True,True
2026-02-20T19:00:00+00:00,TSLA,413.38,409.41,406.0,413.87,False,False,0.5,,0.0,False,0,False,False,0.5,,0.0,False,,180,True,True
2026-02-20T19:30:00+00:00,TSLA,411.095,413.38,406.0,413.87,False,False,0.5,,0.0,False,0,False,False,0.5,,0.0,False,,181,True,True
2026-02-20T20:00:00+00:00,TSLA,409.83,411.095,406.0,413.87,False,False,0.5,,0.0,False,0,False,False,0.5,,0.0,False,,182,True,True
2026-02-20T20:30:00+00:00,TSLA,409.77,409.83,406.0,413.87,False,False,0.5,,0.0,False,0,False,False,0.5,,0.0,False,,183,True,True
2026-02-20T21:00:00+00:00,TSLA,411.52,409.77,406.0,413.87,False,False,0.5,,0.0,False,0,False,False,0.5,,0.0,False,,184,True,True
2026-02-23T13:00:00+00:00,TSLA,407.96,411.52,406.0,413.87,False,False,0.5,,0.0,False,0,False,False,0.5,,0.0,False,,185,True,True
2026-02-23T13:30:00+00:00,TSLA,407.76,407.96,406.0,413.51,False,False,0.5,,0.0,False,0,False,False,0.5,,0.0,False,,186,True,True
2026-02-23T14:00:00+00:00,TSLA,407.52,407.76,406.0,413.51,False,False,0.5,,0.0,False,0,False,False,0.5,,0.0,False,,187,True,True
2026-02-23T14:30:00+00:00,TSLA,407.35,407.52,406.0,413.46,False,False,0.5,,0.0,False,0,False,False,0.5,,0.0,False,,188,True,True
2026-02-23T15:00:00+00:00,TSLA,402.69,407.35,406.0,413.46,False,False,0.5,,0.0,False,0,False,False,0.5,,0.0,False,,189,True,True
2026-02-23T15:30:00+00:00,TSLA,403.52,402.69,402.69,413.46,False,False,0.5,,0.0,False,0,False,False,0.5,,0.0,False,,190,True,True
2026-02-23T16:00:00+00:00,TSLA,400.96,403.52,402.69,413.46,False,False,0.5,,0.0,False,0,False,False,0.5,,0.0,False,,191,True,True
2026-02-23T16:30:00+00:00,TSLA,397.965,400.96,400.96,413.46,False,False,0.5,,0.0,False,0,False,False,0.5,,0.0,False,,192,True,True
2026-02-23T17:00:00+00:00,TSLA,398.33,397.965,397.965,413.46,False,False,0.5,,0.0,False,0,False,False,0.5,,0.0,False,,193,True,True
2026-02-23T17:30:00+00:00,TSLA,397.43,398.33,397.965,413.46,False,False,0.5,,0.0,False,0,False,False,0.5,,0.0,False,,194,True,True
2026-02-23T18:00:00+00:00,TSLA,394.98,397.43,397.43,413.46,False,False,0.5,,0.0,False,0,False,False,0.5,,0.0,False,,195,True,True
2026-02-23T18:30:00+00:00,TSLA,396.02,394.98,394.98,413.46,False,False,0.5,,0.0,False,0,False,False,0.5,,0.0,False,,196,True,True
2026-02-23T19:00:00+00:00,TSLA,394.5,396.02,394.98,413.46,False,False,0.5,,0.0,False,0,False,False,0.5,,0.0,False,,197,True,True
2026-02-23T19:30:00+00:00,TSLA,394.37,394.5,394.5,413.46,False,False,0.5,,0.0,False,0,False,False,0.5,,0.0,False,,198,True,True
2026-02-23T20:00:00+00:00,TSLA,395.22,394.37,394.37,413.38,False,False,0.5,,0.0,False,0,False,False,0.5,,0.0,False,,199,True,True
2026-02-23T20:30:00+00:00,TSLA,395.5,395.22,394.37,413.38,False,False,0.5,,0.0,False,0,False,False,0.5,,0.0,False,,200,True,True
2026-02-23T21:00:00+00:00,TSLA,400.17,395.5,394.37,413.38,False,False,0.5,,0.0,False,0,False,False,0.5,,0.0,False,,201,True,True
2026-02-23T21:30:00+00:00,TSLA,399.75,400.17,394.37,413.38,False,False,0.5,,0.0,False,0,False,False,0.5,,0.0,False,,202,True,True
2026-02-24T13:00:00+00:00,TSLA,397.68,399.75,394.37,413.38,False,False,0.5,,0.0,False,0,False,False,0.5,,0.0,False,,203,True,True
2026-02-24T13:30:00+00:00,TSLA,398.73,397.68,394.37,413.38,False,False,0.5,,0.0,False,0,False,False,0.5,,0.0,False,,204,True,True
2026-02-24T14:00:00+00:00,TSLA,398.67,398.73,394.37,411.52,False,False,0.5,,0.0,False,0,False,False,0.5,,0.0,False,,205,True,True
2026-02-24T14:30:00+00:00,TSLA,399.405,398.67,394.37,411.52,False,False,0.5,,0.0,False,0,False,False,0.5,,0.0,False,,206,True,True
2026-02-24T15:00:00+00:00,TSLA,402.6,399.405,394.37,411.52,False,False,0.5,,0.0,False,0,False,False,0.5,,0.0,False,,207,True,True
2026-02-24T15:30:00+00:00,TSLA,407.44,402.6,394.37,411.52,False,False,0.5,,0.0,False,0,False,False,0.5,,0.0,False,,208,True,True
2026-02-24T16:00:00+00:00,TSLA,404.59,407.44,394.37,407.96,False,False,0.5,,0.0,False,0,False,False,0.5,,0.0,False,,209,True,True
2026-02-24T16:30:00+00:00,TSLA,403.24,404.59,394.37,407.76,False,False,0.5,,0.0,False,0,False,False,0.5,,0.0,False,,210,True,True
2026-02-24T17:00:00+00:00,TSLA,404.59,403.24,394.37,407.52,False,False,0.5,,0.0,False,0,False,False,0.5,,0.0,False,,211,True,True
2026-02-24T17:30:00+00:00,TSLA,403.95,404.59,394.37,407.44,False,False,0.5,,0.0,False,0,False,False,0.5,,0.0,False,,212,True,True
2026-02-24T18:00:00+00:00,TSLA,404.72,403.95,394.37,407.44,False,False,0.5,,0.0,False,0,False,False,0.5,,0.0,False,,213,True,True
2026-02-24T18:30:00+00:00,TSLA,405.365,404.72,394.37,407.44,False,False,0.5,,0.0,False,0,False,False,0.5,,0.0,False,,214,True,True
2026-02-24T19:00:00+00:00,TSLA,406.6,405.365,394.37,407.44,False,False,0.5,,0.0,False,0,False,False,0.5,,0.0,False,,215,True,True
2026-02-24T19:30:00+00:00,TSLA,408.67,406.6,394.37,407.44,False,False,0.5,,0.0,False,0,False,False,0.5,,0.0,False,,216,True,True
2026-02-24T20:00:00+00:00,TSLA,408.655,408.67,394.37,408.67,False,False,0.5,,0.0,False,0,False,False,0.5,,0.0,False,,217,True,True
2026-02-24T20:30:00+00:00,TSLA,408.79,408.655,394.37,408.67,False,False,0.5,,0.0,False,0,False,False,0.5,,0.0,False,,218,True,True
2026-02-24T21:00:00+00:00,TSLA,409.11,408.79,394.37,408.79,False,False,0.5,,0.0,False,0,False,False,0.5,,0.0,False,,219,True,True
2026-02-25T14:30:00+00:00,TSLA,412.165,409.11,394.37,409.11,False,False,0.5,,0.0,False,0,False,False,0.5,,0.0,False,,220,True,True
2026-02-25T15:00:00+00:00,TSLA,415.49,412.165,394.37,412.165,False,False,0.5,,0.0,False,0,False,False,0.5,,0.0,False,,221,True,True
2026-02-25T15:30:00+00:00,TSLA,414.765,415.49,394.37,415.49,False,True,0.51203271,SELL,0.0,False,0,False,True,0.51203271,SELL,0.0,False,,222,True,True
2026-02-25T16:00:00+00:00,TSLA,415.49,414.765,395.22,415.49,False,False,0.5,,0.0,False,0,False,False,0.5,,0.0,False,,223,True,True
2026-02-25T16:30:00+00:00,TSLA,413.87,415.49,395.5,415.49,False,False,0.5,,0.0,False,0,False,False,0.5,,0.0,False,,224,True,True
2026-02-25T17:00:00+00:00,TSLA,414.62,413.87,397.68,415.49,False,False,0.5,,0.0,False,0,False,False,0.5,,0.0,False,,225,True,True
2026-02-25T17:30:00+00:00,TSLA,414.09,414.62,397.68,415.49,False,False,0.5,,0.0,False,0,False,False,0.5,,0.0,False,,226,True,True
2026-02-25T18:00:00+00:00,TSLA,415.19,414.09,397.68,415.49,False,False,0.5,,0.0,False,0,False,False,0.5,,0.0,False,,227,True,True
2026-02-25T18:30:00+00:00,TSLA,415.13,415.19,398.67,415.49,False,False,0.5,,0.0,False,0,False,False,0.5,,0.0,False,,228,True,True
2026-02-25T19:00:00+00:00,TSLA,415.795,415.13,398.67,415.49,False,False,0.5,,0.0,False,0,False,False,0.5,,0.0,False,,229,True,True
2026-02-25T19:30:00+00:00,TSLA,415.93,415.795,399.405,415.795,False,False,0.5,,0.0,False,0,False,False,0.5,,0.0,False,,230,True,True
2026-02-25T20:00:00+00:00,TSLA,415.89,415.93,402.6,415.93,False,False,0.5,,0.0,False,0,False,False,0.5,,0.0,False,,231,True,True
2026-02-25T20:30:00+00:00,TSLA,415.6,415.89,403.24,415.93,False,False,0.5,,0.0,False,0,False,False,0.5,,0.0,False,,232,True,True
2026-02-26T14:30:00+00:00,TSLA,415.215,415.6,403.24,415.93,False,False,0.5,,0.0,False,0,False,False,0.5,,0.0,False,,233,True,True
2026-02-26T15:00:00+00:00,TSLA,413.115,415.215,403.24,415.93,False,False,0.5,,0.0,False,0,False,False,0.5,,0.0,False,,234,True,True
2026-02-26T15:30:00+00:00,TSLA,407.625,413.115,403.95,415.93,False,False,0.5,,0.0,False,0,False,False,0.5,,0.0,False,,235,True,True
2026-02-26T16:00:00+00:00,TSLA,409.24,407.625,403.95,415.93,False,False,0.5,,0.0,False,0,False,False,0.5,,0.0,False,,236,True,True
2026-02-26T16:30:00+00:00,TSLA,409.26,409.24,404.72,415.93,False,False,0.5,,0.0,False,0,False,False,0.5,,0.0,False,,237,True,True
2026-02-26T17:00:00+00:00,TSLA,404.56,409.26,405.365,415.93,False,False,0.5,,0.0,False,0,False,False,0.5,,0.0,False,,238,True,True
2026-02-26T17:30:00+00:00,TSLA,405.12,404.56,404.56,415.93,False,False,0.5,,0.0,False,0,False,False,0.5,,0.0,False,,239,True,True
2026-02-26T18:00:00+00:00,TSLA,404.55,405.12,404.56,415.93,False,False,0.5,,0.0,False,0,False,False,0.5,,0.0,False,,240,True,True
2026-02-26T18:30:00+00:00,TSLA,405.11,404.55,404.55,415.93,False,False,0.5,,0.0,False,0,False,False,0.5,,0.0,False,,241,True,True
2026-02-26T19:00:00+00:00,TSLA,407.275,405.11,404.55,415.93,False,False,0.5,,0.0,False,0,False,False,0.5,,0.0,False,,242,True,True
2026-02-26T19:30:00+00:00,TSLA,408.15,407.275,404.55,415.93,False,False,0.5,,0.0,False,0,False,False,0.5,,0.0,False,,243,True,True
2026-02-26T20:00:00+00:00,TSLA,407.635,408.15,404.55,415.93,False,False,0.5,,0.0,False,0,False,False,0.5,,0.0,False,,244,True,True
2026-02-26T20:30:00+00:00,TSLA,407.75,407.635,404.55,415.93,False,False,0.5,,0.0,False,0,False,False,0.5,,0.0,False,,245,True,True
2026-02-26T21:00:00+00:00,TSLA,408.37,407.75,404.55,415.93,False,False,0.5,,0.0,False,0,False,False,0.5,,0.0,False,,246,True,True
2026-02-27T14:30:00+00:00,TSLA,402.96,408.37,404.55,415.93,False,False,0.5,,0.0,False,0,False,False,0.5,,0.0,False,,247,True,True
2026-02-27T15:00:00+00:00,TSLA,403.15,402.96,402.96,415.93,False,False,0.5,,0.0,False,0,False,False,0.5,,0.0,False,,248,True,True
2026-02-27T15:30:00+00:00,TSLA,406.83,403.15,402.96,415.93,False,False,0.5,,0.0,False,0,False,False,0.5,,0.0,False,,249,True,True
2026-02-27T16:00:00+00:00,TSLA,403.21,406.83,402.96,415.93,False,False,0.5,,0.0,False,0,False,False,0.5,,0.0,False,,250,True,True
2026-02-27T16:30:00+00:00,TSLA,402.27,403.21,402.96,415.93,False,False,0.5,,0.0,False,0,False,False,0.5,,0.0,False,,251,True,True
2026-02-27T17:00:00+00:00,TSLA,402.21,402.27,402.27,415.93,False,False,0.5,,0.0,False,0,False,False,0.5,,0.0,False,,252,True,True
2026-02-27T17:30:00+00:00,TSLA,400.95,402.21,402.21,415.93,False,False,0.5,,0.0,False,0,False,False,0.5,,0.0,False,,253,True,True
2026-02-27T18:00:00+00:00,TSLA,399.64,400.95,400.95,415.93,False,False,0.5,,0.0,False,0,False,False,0.5,,0.0,False,,254,True,True
2026-02-27T18:30:00+00:00,TSLA,399.64,399.64,399.64,415.89,False,False,0.5,,0.0,False,0,False,False,0.5,,0.0,False,,255,True,True
2026-02-27T19:00:00+00:00,TSLA,398.44,399.64,399.64,415.6,False,False,0.5,,0.0,False,0,False,False,0.5,,0.0,False,,256,True,True
2026-02-27T19:30:00+00:00,TSLA,399.69,398.44,398.44,415.215,False,False,0.5,,0.0,False,0,False,False,0.5,,0.0,False,,257,True,True
2026-02-27T20:00:00+00:00,TSLA,398.9,399.69,398.44,413.115,False,False,0.5,,0.0,False,0,False,False,0.5,,0.0,False,,258,True,True
2026-02-27T20:30:00+00:00,TSLA,400.16,398.9,398.44,409.26,False,False,0.5,,0.0,False,0,False,False,0.5,,0.0,False,,259,True,True
2026-03-02T13:00:00+00:00,TSLA,392.41,400.16,398.44,409.26,False,False,0.5,,0.0,False,0,False,False,0.5,,0.0,False,,260,True,True
2026-03-02T13:30:00+00:00,TSLA,393.35,392.41,392.41,409.26,False,False,0.5,,0.0,False,0,False,False,0.5,,0.0,False,,261,True,True
2026-03-02T14:00:00+00:00,TSLA,392.11,393.35,392.41,408.37,False,False,0.5,,0.0,False,0,False,False,0.5,,0.0,False,,262,True,True
2026-03-02T14:30:00+00:00,TSLA,390.29,392.11,392.11,408.37,False,False,0.5,,0.0,False,0,False,False,0.5,,0.0,False,,263,True,True
2026-03-02T15:00:00+00:00,TSLA,395.835,390.29,390.29,408.37,False,False,0.5,,0.0,False,0,False,False,0.5,,0.0,False,,264,True,True
2026-03-02T15:30:00+00:00,TSLA,398.685,395.835,390.29,408.37,False,False,0.5,,0.0,False,0,False,False,0.5,,0.0,False,,265,True,True
2026-03-02T16:00:00+00:00,TSLA,401.83,398.685,390.29,408.37,False,False,0.5,,0.0,False,0,False,False,0.5,,0.0,False,,266,True,True
2026-03-02T16:30:00+00:00,TSLA,400.21,401.83,390.29,408.37,False,False,0.5,,0.0,False,0,False,False,0.5,,0.0,False,,267,True,True
2026-03-02T17:00:00+00:00,TSLA,403.12,400.21,390.29,408.37,False,False,0.5,,0.0,False,0,False,False,0.5,,0.0,False,,268,True,True
2026-03-02T17:30:00+00:00,TSLA,402.41,403.12,390.29,408.37,False,False,0.5,,0.0,False,0,False,False,0.5,,0.0,False,,269,True,True
2026-03-02T18:00:00+00:00,TSLA,401.845,402.41,390.29,408.37,False,False,0.5,,0.0,False,0,False,False,0.5,,0.0,False,,270,True,True
2026-03-02T18:30:00+00:00,TSLA,401.63,401.845,390.29,406.83,False,False,0.5,,0.0,False,0,False,False,0.5,,0.0,False,,271,True,True
2026-03-02T19:00:00+00:00,TSLA,400.3,401.63,390.29,406.83,False,False,0.5,,0.0,False,0,False,False,0.5,,0.0,False,,272,True,True
2026-03-02T19:30:00+00:00,TSLA,402.64,400.3,390.29,406.83,False,False,0.5,,0.0,False,0,False,False,0.5,,0.0,False,,273,True,True
2026-03-02T20:00:00+00:00,TSLA,402.39,402.64,390.29,403.21,False,False,0.5,,0.0,False,0,False,False,0.5,,0.0,False,,274,True,True
2026-03-02T20:30:00+00:00,TSLA,399.75,402.39,390.29,403.12,False,False,0.5,,0.0,False,0,False,False,0.5,,0.0,False,,275,True,True
2026-03-02T21:00:00+00:00,TSLA,403.28,399.75,390.29,403.12,False,False,0.5,,0.0,False,0,False,False,0.5,,0.0,False,,276,True,True
2026-03-03T14:30:00+00:00,TSLA,395.09,403.28,390.29,403.28,False,False,0.5,,0.0,False,0,False,False,0.5,,0.0,False,,277,True,True
2026-03-03T15:00:00+00:00,TSLA,390.5,395.09,390.29,403.28,False,False,0.5,,0.0,False,0,False,False,0.5,,0.0,False,,278,True,True
2026-03-03T15:30:00+00:00,TSLA,386.65,390.5,390.29,403.28,False,False,0.5,,0.0,False,0,False,False,0.5,,0.0,False,,279,True,True
2026-03-03T16:00:00+00:00,TSLA,387.57,386.65,386.65,403.28,False,False,0.5,,0.0,False,0,False,False,0.5,,0.0,False,,280,True,True
2026-03-03T16:30:00+00:00,TSLA,392.5,387.57,386.65,403.28,False,False,0.5,,0.0,False,0,False,False,0.5,,0.0,False,,281,True,True
2026-03-03T17:00:00+00:00,TSLA,391.565,392.5,386.65,403.28,False,False,0.5,,0.0,False,0,False,False,0.5,,0.0,False,,282,True,True
2026-03-03T17:30:00+00:00,TSLA,391.87,391.565,386.65,403.28,False,False,0.5,,0.0,False,0,False,False,0.5,,0.0,False,,283,True,True
2026-03-03T18:00:00+00:00,TSLA,391.175,391.87,386.65,403.28,False,False,0.5,,0.0,False,0,False,False,0.5,,0.0,False,,284,True,True
2026-03-03T18:30:00+00:00,TSLA,393.25,391.175,386.65,403.28,False,False,0.5,,0.0,False,0,False,False,0.5,,0.0,False,,285,True,True
2026-03-03T19:00:00+00:00,TSLA,392.9,393.25,386.65,403.28,False,False,0.5,,0.0,False,0,False,False,0.5,,0.0,False,,286,True,True
2026-03-03T19:30:00+00:00,TSLA,391.62,392.9,386.65,403.28,False,False,0.5,,0.0,False,0,False,False,0.5,,0.0,False,,287,True,True
2026-03-03T20:00:00+00:00,TSLA,393.525,391.62,386.65,403.28,False,False,0.5,,0.0,False,0,False,False,0.5,,0.0,False,,288,True,True
2026-03-03T20:30:00+00:00,TSLA,392.49,393.525,386.65,403.28,False,False,0.5,,0.0,False,0,False,False,0.5,,0.0,False,,289,True,True
2026-03-04T13:00:00+00:00,TSLA,399.49,392.49,386.65,403.28,False,False,0.5,,0.0,False,0,False,False,0.5,,0.0,False,,290,True,True
2026-03-04T13:30:00+00:00,TSLA,400.5,399.49,386.65,403.28,False,False,0.5,,0.0,False,0,False,False,0.5,,0.0,False,,291,True,True
2026-03-04T14:00:00+00:00,TSLA,400.23,400.5,386.65,403.28,False,False,0.5,,0.0,False,0,False,False,0.5,,0.0,False,,292,True,True
2026-03-04T14:30:00+00:00,TSLA,397.845,400.23,386.65,403.28,False,False,0.5,,0.0,False,0,False,False,0.5,,0.0,False,,293,True,True
2026-02-04T14:30:00+00:00,ZG,58.36,58.62,58.62,63.08,False,False,0.5,,0.0,False,0,False,False,0.5,,0.0,False,,1,True,True
2026-02-04T15:00:00+00:00,ZG,57.31,58.36,58.36,63.08,False,False,0.5,,0.0,False,0,False,False,0.5,,0.0,False,,2,True,True
2026-02-04T15:30:00+00:00,ZG,57.9,57.31,57.31,63.08,True,False,0.78043961,BUY,5.0,True,26,True,False,0.78043961,BUY,5.0,True,2026-02-04T15:00:00+00:00,3,True,True
2026-02-04T16:00:00+00:00,ZG,58.24,57.9,57.31,57.9,False,False,0.5,,0.0,False,26,False,False,0.5,,0.0,False,2026-02-04T15:00:00+00:00,26,True,True
2026-02-04T16:30:00+00:00,ZG,58.06,58.24,57.31,58.24,False,False,0.5,,0.0,False,26,False,False,0.5,,0.0,False,2026-02-04T15:00:00+00:00,26,True,True
2026-02-04T17:00:00+00:00,ZG,57.41,58.06,57.31,58.24,False,False,0.5,,0.0,False,26,False,False,0.5,,0.0,False,2026-02-04T15:00:00+00:00,26,True,True
2026-02-04T17:30:00+00:00,ZG,56.725,57.41,57.31,58.24,False,False,0.5,,0.0,False,26,False,False,0.5,,0.0,False,2026-02-04T15:00:00+00:00,26,True,True
2026-02-04T18:00:00+00:00,ZG,56.49,56.725,56.725,58.24,False,False,0.5,,0.0,False,26,False,False,0.5,,0.0,False,2026-02-04T15:00:00+00:00,26,True,True
2026-02-04T18:30:00+00:00,ZG,56.1,56.49,56.49,58.24,False,False,0.5,,0.0,False,26,False,False,0.5,,0.0,False,2026-02-04T15:00:00+00:00,26,True,True
2026-02-04T19:00:00+00:00,ZG,56.79,56.1,56.1,58.24,False,False,0.5,,0.0,False,26,False,False,0.5,,0.0,False,2026-02-04T15:00:00+00:00,26,True,True
2026-02-04T19:30:00+00:00,ZG,57.45,56.79,56.1,58.24,False,False,0.5,,0.0,False,26,False,False,0.5,,0.0,False,2026-02-04T15:00:00+00:00,26,True,True
2026-02-04T20:00:00+00:00,ZG,57.3,57.45,56.1,58.24,False,False,0.5,,0.0,False,26,False,False,0.5,,0.0,False,2026-02-04T15:00:00+00:00,26,True,True
2026-02-04T20:30:00+00:00,ZG,56.28,57.3,56.1,58.24,False,False,0.5,,0.0,False,26,False,False,0.5,,0.0,False,2026-02-04T15:00:00+00:00,26,True,True
2026-02-05T14:30:00+00:00,ZG,56.385,56.28,56.1,58.24,False,False,0.5,,0.0,False,26,False,False,0.5,,0.0,False,2026-02-04T15:00:00+00:00,26,True,True
2026-02-05T15:00:00+00:00,ZG,56.3,56.385,56.1,58.24,False,False,0.5,,0.0,False,26,False,False,0.5,,0.0,False,2026-02-04T15:00:00+00:00,26,True,True
2026-02-05T15:30:00+00:00,ZG,55.17,56.3,56.1,58.24,False,False,0.5,,0.0,False,26,False,False,0.5,,0.0,False,2026-02-04T15:00:00+00:00,26,True,True
2026-02-05T16:00:00+00:00,ZG,55.62,55.17,55.17,58.24,False,False,0.5,,0.0,False,26,False,False,0.5,,0.0,False,2026-02-04T15:00:00+00:00,26,True,True
2026-02-05T16:30:00+00:00,ZG,55.82,55.62,55.17,58.24,False,False,0.5,,0.0,False,26,False,False,0.5,,0.0,False,2026-02-04T15:00:00+00:00,26,True,True
2026-02-05T17:00:00+00:00,ZG,55.56,55.82,55.17,58.24,False,False,0.5,,0.0,False,26,False,False,0.5,,0.0,False,2026-02-04T15:00:00+00:00,26,True,True
2026-02-05T17:30:00+00:00,ZG,55.66,55.56,55.17,58.24,False,False,0.5,,0.0,False,26,False,False,0.5,,0.0,False,2026-02-04T15:00:00+00:00,26,True,True
2026-02-05T18:00:00+00:00,ZG,54.89,55.66,55.17,58.24,False,False,0.5,,0.0,False,26,False,False,0.5,,0.0,False,2026-02-04T15:00:00+00:00,26,True,True
2026-02-05T18:30:00+00:00,ZG,54.59,54.89,54.89,58.24,False,False,0.5,,0.0,False,26,False,False,0.5,,0.0,False,2026-02-04T15:00:00+00:00,26,True,True
2026-02-05T19:00:00+00:00,ZG,54.1,54.59,54.59,58.24,False,False,0.5,,0.0,False,26,False,False,0.5,,0.0,False,2026-02-04T15:00:00+00:00,26,True,True
2026-02-05T19:30:00+00:00,ZG,53.78,54.1,54.1,58.24,False,False,0.5,,0.0,False,26,False,False,0.5,,0.0,False,2026-02-04T15:00:00+00:00,26,True,True
2026-02-05T20:00:00+00:00,ZG,53.91,53.78,53.78,58.24,True,False,0.70073971,BUY,4.0,True,48,True,False,0.70073971,BUY,4.0,True,2026-02-05T19:30:00+00:00,26,True,True
2026-02-05T20:30:00+00:00,ZG,53.91,53.91,53.78,53.91,False,False,0.5,,0.0,False,48,False,False,0.5,,0.0,False,2026-02-05T19:30:00+00:00,48,True,True
2026-02-06T14:30:00+00:00,ZG,54.72,53.91,53.78,53.91,False,False,0.5,,0.0,False,48,False,False,0.5,,0.0,False,2026-02-05T19:30:00+00:00,48,True,True
2026-02-06T15:00:00+00:00,ZG,54.2,54.72,53.78,54.72,False,False,0.5,,0.0,False,48,False,False,0.5,,0.0,False,2026-02-05T19:30:00+00:00,48,True,True
2026-02-06T15:30:00+00:00,ZG,54.1,54.2,53.78,54.72,False,False,0.5,,0.0,False,48,False,False,0.5,,0.0,False,2026-02-05T19:30:00+00:00,48,True,True
2026-02-06T16:00:00+00:00,ZG,55.73,54.1,53.78,54.72,False,False,0.5,,0.0,False,48,False,False,0.5,,0.0,False,2026-02-05T19:30:00+00:00,48,True,True
2026-02-06T16:30:00+00:00,ZG,54.98,55.73,53.78,55.73,False,False,0.5,,0.0,False,48,False,False,0.5,,0.0,False,2026-02-05T19:30:00+00:00,48,True,True
2026-02-06T17:00:00+00:00,ZG,55.19,54.98,53.78,55.73,False,False,0.5,,0.0,False,48,False,False,0.5,,0.0,False,2026-02-05T19:30:00+00:00,48,True,True
2026-02-06T17:30:00+00:00,ZG,55.05,55.19,53.78,55.73,False,False,0.5,,0.0,False,48,False,False,0.5,,0.0,False,2026-02-05T19:30:00+00:00,48,True,True
2026-02-06T18:00:00+00:00,ZG,55.13,55.05,53.78,55.73,False,False,0.5,,0.0,False,48,False,False,0.5,,0.0,False,2026-02-05T19:30:00+00:00,48,True,True
2026-02-06T18:30:00+00:00,ZG,54.89,55.13,53.78,55.73,False,False,0.5,,0.0,False,48,False,False,0.5,,0.0,False,2026-02-05T19:30:00+00:00,48,True,True
2026-02-06T19:00:00+00:00,ZG,55.07,54.89,53.78,55.73,False,False,0.5,,0.0,False,48,False,False,0.5,,0.0,False,2026-02-05T19:30:00+00:00,48,True,True
2026-02-06T19:30:00+00:00,ZG,54.86,55.07,53.78,55.73,False,False,0.5,,0.0,False,48,False,False,0.5,,0.0,False,2026-02-05T19:30:00+00:00,48,True,True
2026-02-06T20:00:00+00:00,ZG,54.31,54.86,53.78,55.73,False,False,0.5,,0.0,False,48,False,False,0.5,,0.0,False,2026-02-05T19:30:00+00:00,48,True,True
2026-02-06T20:30:00+00:00,ZG,54.27,54.31,53.78,55.73,False,False,0.5,,0.0,False,48,False,False,0.5,,0.0,False,2026-02-05T19:30:00+00:00,48,True,True
2026-02-09T14:30:00+00:00,ZG,53.96,54.27,53.78,55.73,False,False,0.5,,0.0,False,48,False,False,0.5,,0.0,False,2026-02-05T19:30:00+00:00,48,True,True
2026-02-09T15:00:00+00:00,ZG,53.99,53.96,53.78,55.73,False,False,0.5,,0.0,False,48,False,False,0.5,,0.0,False,2026-02-05T19:30:00+00:00,48,True,True
2026-02-09T15:30:00+00:00,ZG,53.96,53.99,53.78,55.73,False,False,0.5,,0.0,False,48,False,False,0.5,,0.0,False,2026-02-05T19:30:00+00:00,48,True,True
2026-02-09T16:00:00+00:00,ZG,54.405,53.96,53.78,55.73,False,False,0.5,,0.0,False,48,False,False,0.5,,0.0,False,2026-02-05T19:30:00+00:00,48,True,True
2026-02-09T16:30:00+00:00,ZG,54.52,54.405,53.78,55.73,False,False,0.5,,0.0,False,48,False,False,0.5,,0.0,False,2026-02-05T19:30:00+00:00,48,True,True
2026-02-09T17:00:00+00:00,ZG,54.54,54.52,53.78,55.73,False,False,0.5,,0.0,False,48,False,False,0.5,,0.0,False,2026-02-05T19:30:00+00:00,48,True,True
2026-02-09T17:30:00+00:00,ZG,54.37,54.54,53.78,55.73,False,False,0.5,,0.0,False,48,False,False,0.5,,0.0,False,2026-02-05T19:30:00+00:00,48,True,True
2026-02-09T18:00:00+00:00,ZG,54.26,54.37,53.78,55.73,False,False,0.5,,0.0,False,48,False,False,0.5,,0.0,False,2026-02-05T19:30:00+00:00,48,True,True
2026-02-09T18:30:00+00:00,ZG,54.12,54.26,53.78,55.73,False,False,0.5,,0.0,False,48,False,False,0.5,,0.0,False,2026-02-05T19:30:00+00:00,48,True,True
2026-02-09T19:00:00+00:00,ZG,54.23,54.12,53.91,55.73,False,False,0.5,,0.0,False,48,False,False,0.5,,0.0,False,2026-02-05T19:30:00+00:00,49,True,True
2026-02-09T19:30:00+00:00,ZG,54.29,54.23,53.91,55.73,False,False,0.5,,0.0,False,48,False,False,0.5,,0.0,False,2026-02-05T19:30:00+00:00,50,True,True
2026-02-09T20:00:00+00:00,ZG,54.5,54.29,53.96,55.73,False,False,0.5,,0.0,False,48,False,False,0.5,,0.0,False,2026-02-05T19:30:00+00:00,51,True,True
2026-02-09T20:30:00+00:00,ZG,54.17,54.5,53.96,55.73,False,False,0.5,,0.0,False,48,False,False,0.5,,0.0,False,2026-02-05T19:30:00+00:00,52,True,True
2026-02-10T14:30:00+00:00,ZG,54.71,54.17,53.96,55.73,False,False,0.5,,0.0,False,48,False,False,0.5,,0.0,False,2026-02-05T19:30:00+00:00,53,True,True
2026-02-10T15:00:00+00:00,ZG,54.95,54.71,53.96,55.73,False,False,0.5,,0.0,False,48,False,False,0.5,,0.0,False,2026-02-05T19:30:00+00:00,54,True,True
2026-02-10T15:30:00+00:00,ZG,55.47,54.95,53.96,55.19,False,False,0.5,,0.0,False,48,False,False,0.5,,0.0,False,2026-02-05T19:30:00+00:00,55,True,True
2026-02-10T16:00:00+00:00,ZG,55.64,55.47,53.96,55.47,False,False,0.5,,0.0,False,48,False,False,0.5,,0.0,False,2026-02-05T19:30:00+00:00,56,True,True
2026-02-10T16:30:00+00:00,ZG,55.53,55.64,53.96,55.64,False,False,0.5,,0.0,False,48,False,False,0.5,,0.0,False,2026-02-05T19:30:00+00:00,57,True,True
2026-02-10T17:00:00+00:00,ZG,55.37,55.53,53.96,55.64,False,False,0.5,,0.0,False,48,False,False,0.5,,0.0,False,2026-02-05T19:30:00+00:00,58,True,True
2026-02-10T17:30:00+00:00,ZG,55.135,55.37,53.96,55.64,False,False,0.5,,0.0,False,48,False,False,0.5,,0.0,False,2026-02-05T19:30:00+00:00,59,True,True
2026-02-10T18:00:00+00:00,ZG,54.73,55.135,53.96,55.64,False,False,0.5,,0.0,False,48,False,False,0.5,,0.0,False,2026-02-05T19:30:00+00:00,60,True,True
2026-02-10T18:30:00+00:00,ZG,54.22,54.73,53.96,55.64,False,False,0.5,,0.0,False,48,False,False,0.5,,0.0,False,2026-02-05T19:30:00+00:00,61,True,True
2026-02-10T19:00:00+00:00,ZG,54.23,54.22,53.96,55.64,False,False,0.5,,0.0,False,48,False,False,0.5,,0.0,False,2026-02-05T19:30:00+00:00,62,True,True
2026-02-10T19:30:00+00:00,ZG,54.51,54.23,53.96,55.64,False,False,0.5,,0.0,False,48,False,False,0.5,,0.0,False,2026-02-05T19:30:00+00:00,63,True,True
2026-02-10T20:00:00+00:00,ZG,54.81,54.51,53.96,55.64,False,False,0.5,,0.0,False,48,False,False,0.5,,0.0,False,2026-02-05T19:30:00+00:00,64,True,True
2026-02-10T20:30:00+00:00,ZG,54.67,54.81,53.96,55.64,False,False,0.5,,0.0,False,48,False,False,0.5,,0.0,False,2026-02-05T19:30:00+00:00,65,True,True
2026-02-11T14:30:00+00:00,ZG,50.41,54.67,53.96,55.64,False,False,0.5,,0.0,False,48,False,False,0.5,,0.0,False,2026-02-05T19:30:00+00:00,66,True,True
2026-02-11T15:00:00+00:00,ZG,46.895,50.41,50.41,55.64,False,False,0.5,,0.0,False,48,False,False,0.5,,0.0,False,2026-02-05T19:30:00+00:00,67,True,True
2026-02-11T15:30:00+00:00,ZG,44.78,46.895,46.895,55.64,False,False,0.5,,0.0,False,48,False,False,0.5,,0.0,False,2026-02-05T19:30:00+00:00,68,True,True
2026-02-11T16:00:00+00:00,ZG,44.41,44.78,44.78,55.64,False,False,0.5,,0.0,False,48,False,False,0.5,,0.0,False,2026-02-05T19:30:00+00:00,69,True,True
2026-02-11T16:30:00+00:00,ZG,44.14,44.41,44.41,55.64,False,False,0.5,,0.0,False,48,False,False,0.5,,0.0,False,2026-02-05T19:30:00+00:00,70,True,True
2026-02-11T17:00:00+00:00,ZG,45.48,44.14,44.14,55.64,True,False,2.0,BUY,13.0,True,94,True,False,2.0,BUY,13.0,True,2026-02-11T16:30:00+00:00,71,True,True
2026-02-11T17:30:00+00:00,ZG,45.73,45.48,44.14,45.48,False,False,0.5,,0.0,False,94,False,False,0.5,,0.0,False,2026-02-11T16:30:00+00:00,94,True,True
2026-02-11T18:00:00+00:00,ZG,45.24,45.73,44.14,45.73,False,False,0.5,,0.0,False,94,False,False,0.5,,0.0,False,2026-02-11T16:30:00+00:00,94,True,True
2026-02-11T18:30:00+00:00,ZG,45.22,45.24,44.14,45.73,False,False,0.5,,0.0,False,94,False,False,0.5,,0.0,False,2026-02-11T16:30:00+00:00,94,True,True
2026-02-11T19:00:00+00:00,ZG,45.06,45.22,44.14,45.73,False,False,0.5,,0.0,False,94,False,False,0.5,,0.0,False,2026-02-11T16:30:00+00:00,94,True,True
2026-02-11T19:30:00+00:00,ZG,44.48,45.06,44.14,45.73,False,False,0.5,,0.0,False,94,False,False,0.5,,0.0,False,2026-02-11T16:30:00+00:00,94,True,True
2026-02-11T20:00:00+00:00,ZG,44.76,44.48,44.14,45.73,False,False,0.5,,0.0,False,94,False,False,0.5,,0.0,False,2026-02-11T16:30:00+00:00,94,True,True
2026-02-11T20:30:00+00:00,ZG,43.99,44.76,44.14,45.73,False,False,0.5,,0.0,False,94,False,False,0.5,,0.0,False,2026-02-11T16:30:00+00:00,94,True,True
2026-02-12T14:30:00+00:00,ZG,45.76,43.99,43.99,45.73,False,False,0.5,,0.0,False,94,False,False,0.5,,0.0,False,2026-02-11T16:30:00+00:00,94,True,True
2026-02-12T15:00:00+00:00,ZG,45.03,45.76,43.99,45.76,False,False,0.5,,0.0,False,94,False,False,0.5,,0.0,False,2026-02-11T16:30:00+00:00,94,True,True
2026-02-12T15:30:00+00:00,ZG,45.06,45.03,43.99,45.76,False,False,0.5,,0.0,False,94,False,False,0.5,,0.0,False,2026-02-11T16:30:00+00:00,94,True,True
2026-02-12T16:00:00+00:00,ZG,44.58,45.06,43.99,45.76,False,False,0.5,,0.0,False,94,False,False,0.5,,0.0,False,2026-02-11T16:30:00+00:00,94,True,True
2026-02-12T16:30:00+00:00,ZG,43.5,44.58,43.99,45.76,False,False,0.5,,0.0,False,94,False,False,0.5,,0.0,False,2026-02-11T16:30:00+00:00,94,True,True
2026-02-12T17:00:00+00:00,ZG,44.1,43.5,43.5,45.76,False,False,0.5,,0.0,False,94,False,False,0.5,,0.0,False,2026-02-11T16:30:00+00:00,94,True,True
2026-02-12T17:30:00+00:00,ZG,43.95,44.1,43.5,45.76,False,False,0.5,,0.0,False,94,False,False,0.5,,0.0,False,2026-02-11T16:30:00+00:00,94,True,True
2026-02-12T18:00:00+00:00,ZG,43.91,43.95,43.5,45.76,False,False,0.5,,0.0,False,94,False,False,0.5,,0.0,False,2026-02-11T16:30:00+00:00,94,True,True
2026-02-12T18:30:00+00:00,ZG,43.7,43.91,43.5,45.76,False,False,0.5,,0.0,False,94,False,False,0.5,,0.0,False,2026-02-11T16:30:00+00:00,94,True,True
2026-02-12T19:00:00+00:00,ZG,43.93,43.7,43.5,45.76,False,False,0.5,,0.0,False,94,False,False,0.5,,0.0,False,2026-02-11T16:30:00+00:00,94,True,True
2026-02-12T19:30:00+00:00,ZG,43.54,43.93,43.5,45.76,False,False,0.5,,0.0,False,94,False,False,0.5,,0.0,False,2026-02-11T16:30:00+00:00,94,True,True
2026-02-12T20:00:00+00:00,ZG,43.78,43.54,43.5,45.76,False,False,0.5,,0.0,False,94,False,False,0.5,,0.0,False,2026-02-11T16:30:00+00:00,94,True,True
2026-02-12T20:30:00+00:00,ZG,43.455,43.78,43.5,45.76,False,False,0.5,,0.0,False,94,False,False,0.5,,0.0,False,2026-02-11T16:30:00+00:00,94,True,True
2026-02-13T14:30:00+00:00,ZG,44.415,43.455,43.455,45.76,False,False,0.5,,0.0,False,94,False,False,0.5,,0.0,False,2026-02-11T16:30:00+00:00,94,True,True
2026-02-13T15:00:00+00:00,ZG,43.87,44.415,43.455,45.76,False,False,0.5,,0.0,False,94,False,False,0.5,,0.0,False,2026-02-11T16:30:00+00:00,94,True,True
2026-02-13T15:30:00+00:00,ZG,43.045,43.87,43.455,45.76,False,False,0.5,,0.0,False,94,False,False,0.5,,0.0,False,2026-02-11T16:30:00+00:00,94,True,True
2026-02-13T16:00:00+00:00,ZG,42.84,43.045,43.045,45.76,False,False,0.5,,0.0,False,94,False,False,0.5,,0.0,False,2026-02-11T16:30:00+00:00,95,True,True
2026-02-13T16:30:00+00:00,ZG,42.39,42.84,42.84,45.76,False,False,0.5,,0.0,False,94,False,False,0.5,,0.0,False,2026-02-11T16:30:00+00:00,96,True,True
2026-02-13T17:00:00+00:00,ZG,43.11,42.39,42.39,45.76,True,False,0.55795349,BUY,2.0,True,120,True,False,0.55795349,BUY,2.0,True,2026-02-13T16:30:00+00:00,97,True,True
2026-02-13T17:30:00+00:00,ZG,43.485,43.11,42.39,43.11,False,False,0.5,,0.0,False,120,False,False,0.5,,0.0,False,2026-02-13T16:30:00+00:00,120,True,True
2026-02-13T18:00:00+00:00,ZG,43.42,43.485,42.39,43.485,False,False,0.5,,0.0,False,120,False,False,0.5,,0.0,False,2026-02-13T16:30:00+00:00,120,True,True
2026-02-13T18:30:00+00:00,ZG,43.56,43.42,42.39,43.485,False,False,0.5,,0.0,False,120,False,False,0.5,,0.0,False,2026-02-13T16:30:00+00:00,120,True,True
2026-02-13T19:00:00+00:00,ZG,43.35,43.56,42.39,43.56,False,False,0.5,,0.0,False,120,False,False,0.5,,0.0,False,2026-02-13T16:30:00+00:00,120,True,True
2026-02-13T19:30:00+00:00,ZG,43.2,43.35,42.39,43.56,False,False,0.5,,0.0,False,120,False,False,0.5,,0.0,False,2026-02-13T16:30:00+00:00,120,True,True
2026-02-13T20:00:00+00:00,ZG,43.2,43.2,42.39,43.56,False,False,0.5,,0.0,False,120,False,False,0.5,,0.0,False,2026-02-13T16:30:00+00:00,120,True,True
2026-02-13T20:30:00+00:00,ZG,43.15,43.2,42.39,43.56,False,False,0.5,,0.0,False,120,False,False,0.5,,0.0,False,2026-02-13T16:30:00+00:00,120,True,True
2026-02-17T14:30:00+00:00,ZG,44.16,43.15,42.39,43.56,False,False,0.5,,0.0,False,120,False,False,0.5,,0.0,False,2026-02-13T16:30:00+00:00,120,True,True
2026-02-17T15:00:00+00:00,ZG,43.86,44.16,42.39,44.16,False,False,0.5,,0.0,False,120,False,False,0.5,,0.0,False,2026-02-13T16:30:00+00:00,120,True,True
2026-02-17T15:30:00+00:00,ZG,42.82,43.86,42.39,44.16,False,False,0.5,,0.0,False,120,False,False,0.5,,0.0,False,2026-02-13T16:30:00+00:00,120,True,True
2026-02-17T16:00:00+00:00,ZG,42.85,42.82,42.39,44.16,False,False,0.5,,0.0,False,120,False,False,0.5,,0.0,False,2026-02-13T16:30:00+00:00,120,True,True
2026-02-17T16:30:00+00:00,ZG,43.66,42.85,42.39,44.16,False,False,0.5,,0.0,False,120,False,False,0.5,,0.0,False,2026-02-13T16:30:00+00:00,120,True,True
2026-02-17T17:00:00+00:00,ZG,43.47,43.66,42.39,44.16,False,False,0.5,,0.0,False,120,False,False,0.5,,0.0,False,2026-02-13T16:30:00+00:00,120,True,True
2026-02-17T17:30:00+00:00,ZG,43.09,43.47,42.39,44.16,False,False,0.5,,0.0,False,120,False,False,0.5,,0.0,False,2026-02-13T16:30:00+00:00,120,True,True
2026-02-17T18:00:00+00:00,ZG,43.395,43.09,42.39,44.16,False,False,0.5,,0.0,False,120,False,False,0.5,,0.0,False,2026-02-13T16:30:00+00:00,120,True,True
2026-02-17T18:30:00+00:00,ZG,43.32,43.395,42.39,44.16,False,False,0.5,,0.0,False,120,False,False,0.5,,0.0,False,2026-02-13T16:30:00+00:00,120,True,True
2026-02-17T19:00:00+00:00,ZG,43.535,43.32,42.39,44.16,False,False,0.5,,0.0,False,120,False,False,0.5,,0.0,False,2026-02-13T16:30:00+00:00,120,True,True
2026-02-17T19:30:00+00:00,ZG,43.53,43.535,42.39,44.16,False,False,0.5,,0.0,False,120,False,False,0.5,,0.0,False,2026-02-13T16:30:00+00:00,120,True,True
2026-02-17T20:00:00+00:00,ZG,43.94,43.53,42.39,44.16,False,False,0.5,,0.0,False,120,False,False,0.5,,0.0,False,2026-02-13T16:30:00+00:00,120,True,True
2026-02-17T20:30:00+00:00,ZG,43.865,43.94,42.39,44.16,False,False,0.5,,0.0,False,120,False,False,0.5,,0.0,False,2026-02-13T16:30:00+00:00,120,True,True
2026-02-18T14:30:00+00:00,ZG,44.06,43.865,42.39,44.16,False,False,0.5,,0.0,False,120,False,False,0.5,,0.0,False,2026-02-13T16:30:00+00:00,120,True,True
2026-02-18T15:00:00+00:00,ZG,44.85,44.06,42.39,44.16,False,False,0.5,,0.0,False,120,False,False,0.5,,0.0,False,2026-02-13T16:30:00+00:00,120,True,True
2026-02-18T15:30:00+00:00,ZG,44.83,44.85,42.39,44.85,False,True,0.55525212,SELL,2.0,True,143,False,True,0.55525212,SELL,2.0,True,2026-02-18T15:00:00+00:00,120,True,True
2026-02-18T16:00:00+00:00,ZG,44.34,44.83,44.83,44.85,False,False,0.5,,0.0,False,143,False,False,0.5,,0.0,False,2026-02-18T15:00:00+00:00,143,True,True
2026-02-18T16:30:00+00:00,ZG,44.27,44.34,44.34,44.85,False,False,0.5,,0.0,False,143,False,False,0.5,,0.0,False,2026-02-18T15:00:00+00:00,143,True,True
2026-02-18T17:00:00+00:00,ZG,44.04,44.27,44.27,44.85,False,False,0.5,,0.0,False,143,False,False,0.5,,0.0,False,2026-02-18T15:00:00+00:00,143,True,True
2026-02-18T17:30:00+00:00,ZG,44.62,44.04,44.04,44.85,False,False,0.5,,0.0,False,143,False,False,0.5,,0.0,False,2026-02-18T15:00:00+00:00,143,True,True
2026-02-18T18:00:00+00:00,ZG,44.75,44.62,44.04,44.85,False,False,0.5,,0.0,False,143,False,False,0.5,,0.0,False,2026-02-18T15:00:00+00:00,143,True,True
2026-02-18T18:30:00+00:00,ZG,44.8,44.75,44.04,44.85,False,False,0.5,,0.0,False,143,False,False,0.5,,0.0,False,2026-02-18T15:00:00+00:00,143,True,True
2026-02-18T19:00:00+00:00,ZG,45.07,44.8,44.04,44.85,False,False,0.5,,0.0,False,143,False,False,0.5,,0.0,False,2026-02-18T15:00:00+00:00,143,True,True
2026-02-18T19:30:00+00:00,ZG,44.91,45.07,44.04,45.07,False,False,0.5,,0.0,False,143,False,False,0.5,,0.0,False,2026-02-18T15:00:00+00:00,143,True,True
2026-02-18T20:00:00+00:00,ZG,44.85,44.91,44.04,45.07,False,False,0.5,,0.0,False,143,False,False,0.5,,0.0,False,2026-02-18T15:00:00+00:00,143,True,True
2026-02-18T20:30:00+00:00,ZG,44.62,44.85,44.04,45.07,False,False,0.5,,0.0,False,143,False,False,0.5,,0.0,False,2026-02-18T15:00:00+00:00,143,True,True
2026-02-19T14:30:00+00:00,ZG,44.67,44.62,44.04,45.07,False,False,0.5,,0.0,False,143,False,False,0.5,,0.0,False,2026-02-18T15:00:00+00:00,143,True,True
2026-02-19T15:00:00+00:00,ZG,44.81,44.67,44.04,45.07,False,False,0.5,,0.0,False,143,False,False,0.5,,0.0,False,2026-02-18T15:00:00+00:00,143,True,True
2026-02-19T15:30:00+00:00,ZG,44.785,44.81,44.04,45.07,False,False,0.5,,0.0,False,143,False,False,0.5,,0.0,False,2026-02-18T15:00:00+00:00,143,True,True
2026-02-19T16:00:00+00:00,ZG,44.795,44.785,44.04,45.07,False,False,0.5,,0.0,False,143,False,False,0.5,,0.0,False,2026-02-18T15:00:00+00:00,143,True,True
2026-02-19T16:30:00+00:00,ZG,44.65,44.795,44.04,45.07,False,False,0.5,,0.0,False,143,False,False,0.5,,0.0,False,2026-02-18T15:00:00+00:00,143,True,True
2026-02-19T17:00:00+00:00,ZG,44.76,44.65,44.04,45.07,False,False,0.5,,0.0,False,143,False,False,0.5,,0.0,False,2026-02-18T15:00:00+00:00,143,True,True
2026-02-19T17:30:00+00:00,ZG,44.46,44.76,44.04,45.07,False,False,0.5,,0.0,False,143,False,False,0.5,,0.0,False,2026-02-18T15:00:00+00:00,143,True,True
2026-02-19T18:00:00+00:00,ZG,44.75,44.46,44.04,45.07,False,False,0.5,,0.0,False,143,False,False,0.5,,0.0,False,2026-02-18T15:00:00+00:00,143,True,True
2026-02-19T18:30:00+00:00,ZG,44.83,44.75,44.04,45.07,False,False,0.5,,0.0,False,143,False,False,0.5,,0.0,False,2026-02-18T15:00:00+00:00,143,True,True
2026-02-19T19:00:00+00:00,ZG,44.715,44.83,44.04,45.07,False,False,0.5,,0.0,False,143,False,False,0.5,,0.0,False,2026-02-18T15:00:00+00:00,143,True,True
2026-02-19T19:30:00+00:00,ZG,44.6,44.715,44.04,45.07,False,False,0.5,,0.0,False,143,False,False,0.5,,0.0,False,2026-02-18T15:00:00+00:00,143,True,True
2026-02-19T20:00:00+00:00,ZG,44.88,44.6,44.04,45.07,False,False,0.5,,0.0,False,143,False,False,0.5,,0.0,False,2026-02-18T15:00:00+00:00,143,True,True
2026-02-19T20:30:00+00:00,ZG,45.18,44.88,44.04,45.07,False,False,0.5,,0.0,False,143,False,False,0.5,,0.0,False,2026-02-18T15:00:00+00:00,143,True,True
2026-02-20T14:30:00+00:00,ZG,45.89,45.18,44.04,45.18,False,False,0.5,,0.0,False,143,False,False,0.5,,0.0,False,2026-02-18T15:00:00+00:00,144,True,True
2026-02-20T15:00:00+00:00,ZG,46.63,45.89,44.04,45.89,False,False,0.5,,0.0,False,143,False,False,0.5,,0.0,False,2026-02-18T15:00:00+00:00,145,True,True
2026-02-20T15:30:00+00:00,ZG,46.56,46.63,44.04,46.63,False,True,0.55264087,SELL,2.0,True,169,False,True,0.55264087,SELL,2.0,True,2026-02-20T15:00:00+00:00,146,True,True
2026-02-20T16:00:00+00:00,ZG,46.16,46.56,46.56,46.63,False,False,0.5,,0.0,False,169,False,False,0.5,,0.0,False,2026-02-20T15:00:00+00:00,169,True,True
2026-02-20T16:30:00+00:00,ZG,45.775,46.16,46.16,46.63,False,False,0.5,,0.0,False,169,False,False,0.5,,0.0,False,2026-02-20T15:00:00+00:00,169,True,True
2026-02-20T17:00:00+00:00,ZG,45.75,45.775,45.775,46.63,False,False,0.5,,0.0,False,169,False,False,0.5,,0.0,False,2026-02-20T15:00:00+00:00,169,True,True
2026-02-20T17:30:00+00:00,ZG,45.25,45.75,45.75,46.63,False,False,0.5,,0.0,False,169,False,False,0.5,,0.0,False,2026-02-20T15:00:00+00:00,169,True,True
2026-02-20T18:00:00+00:00,ZG,45.45,45.25,45.25,46.63,False,False,0.5,,0.0,False,169,False,False,0.5,,0.0,False,2026-02-20T15:00:00+00:00,169,True,True
2026-02-20T18:30:00+00:00,ZG,45.1,45.45,45.25,46.63,False,False,0.5,,0.0,False,169,False,False,0.5,,0.0,False,2026-02-20T15:00:00+00:00,169,True,True
2026-02-20T19:00:00+00:00,ZG,45.45,45.1,45.1,46.63,False,False,0.5,,0.0,False,169,False,False,0.5,,0.0,False,2026-02-20T15:00:00+00:00,169,True,True
2026-02-20T19:30:00+00:00,ZG,45.24,45.45,45.1,46.63,False,False,0.5,,0.0,False,169,False,False,0.5,,0.0,False,2026-02-20T15:00:00+00:00,169,True,True
2026-02-20T20:00:00+00:00,ZG,45.1,45.24,45.1,46.63,False,False,0.5,,0.0,False,169,False,False,0.5,,0.0,False,2026-02-20T15:00:00+00:00,169,True,True
2026-02-20T20:30:00+00:00,ZG,45.18,45.1,45.1,46.63,False,False,0.5,,0.0,False,169,False,False,0.5,,0.0,False,2026-02-20T15:00:00+00:00,169,True,True
2026-02-23T14:30:00+00:00,ZG,44.705,45.18,45.1,46.63,False,False,0.5,,0.0,False,169,False,False,0.5,,0.0,False,2026-02-20T15:00:00+00:00,169,True,True
2026-02-23T15:00:00+00:00,ZG,44.08,44.705,44.705,46.63,False,False,0.5,,0.0,False,169,False,False,0.5,,0.0,False,2026-02-20T15:00:00+00:00,169,True,True
2026-02-23T15:30:00+00:00,ZG,44.22,44.08,44.08,46.63,True,False,0.51180612,BUY,2.0,True,182,True,False,0.51180612,BUY,2.0,True,2026-02-23T15:00:00+00:00,169,True,True
2026-02-23T16:00:00+00:00,ZG,44.05,44.22,44.08,44.22,False,False,0.5,,0.0,False,182,False,False,0.5,,0.0,False,2026-02-23T15:00:00+00:00,182,True,True
2026-02-23T16:30:00+00:00,ZG,44.26,44.05,44.05,44.22,False,False,0.5,,0.0,False,182,False,False,0.5,,0.0,False,2026-02-23T15:00:00+00:00,182,True,True
2026-02-23T17:00:00+00:00,ZG,44.18,44.26,44.05,44.26,False,False,0.5,,0.0,False,182,False,False,0.5,,0.0,False,2026-02-23T15:00:00+00:00,182,True,True
2026-02-23T17:30:00+00:00,ZG,43.5,44.18,44.05,44.26,False,False,0.5,,0.0,False,182,False,False,0.5,,0.0,False,2026-02-23T15:00:00+00:00,182,True,True
2026-02-23T18:00:00+00:00,ZG,43.58,43.5,43.5,44.26,False,False,0.5,,0.0,False,182,False,False,0.5,,0.0,False,2026-02-23T15:00:00+00:00,182,True,True
2026-02-23T18:30:00+00:00,ZG,43.31,43.58,43.5,44.26,False,False,0.5,,0.0,False,182,False,False,0.5,,0.0,False,2026-02-23T15:00:00+00:00,182,True,True
2026-02-23T19:00:00+00:00,ZG,43.32,43.31,43.31,44.26,False,False,0.5,,0.0,False,182,False,False,0.5,,0.0,False,2026-02-23T15:00:00+00:00,182,True,True
2026-02-23T19:30:00+00:00,ZG,43.025,43.32,43.31,44.26,False,False,0.5,,0.0,False,182,False,False,0.5,,0.0,False,2026-02-23T15:00:00+00:00,182,True,True
2026-02-23T20:00:00+00:00,ZG,43.34,43.025,43.025,44.26,False,False,0.5,,0.0,False,182,False,False,0.5,,0.0,False,2026-02-23T15:00:00+00:00,182,True,True
2026-02-23T20:30:00+00:00,ZG,43.02,43.34,43.025,44.26,False,False,0.5,,0.0,False,182,False,False,0.5,,0.0,False,2026-02-23T15:00:00+00:00,182,True,True
2026-02-24T14:30:00+00:00,ZG,42.65,43.02,43.02,44.26,False,False,0.5,,0.0,False,182,False,False,0.5,,0.0,False,2026-02-23T15:00:00+00:00,182,True,True
2026-02-24T15:00:00+00:00,ZG,43.11,42.65,42.65,44.26,False,False,0.5,,0.0,False,182,False,False,0.5,,0.0,False,2026-02-23T15:00:00+00:00,182,True,True
2026-02-24T15:30:00+00:00,ZG,43.43,43.11,42.65,44.26,False,False,0.5,,0.0,False,182,False,False,0.5,,0.0,False,2026-02-23T15:00:00+00:00,182,True,True
2026-02-24T16:00:00+00:00,ZG,43.32,43.43,42.65,44.26,False,False,0.5,,0.0,False,182,False,False,0.5,,0.0,False,2026-02-23T15:00:00+00:00,182,True,True
2026-02-24T16:30:00+00:00,ZG,43.115,43.32,42.65,44.26,False,False,0.5,,0.0,False,182,False,False,0.5,,0.0,False,2026-02-23T15:00:00+00:00,182,True,True
2026-02-24T17:00:00+00:00,ZG,43.38,43.115,42.65,44.26,False,False,0.5,,0.0,False,182,False,False,0.5,,0.0,False,2026-02-23T15:00:00+00:00,182,True,True
2026-02-24T17:30:00+00:00,ZG,43.01,43.38,42.65,44.26,False,False,0.5,,0.0,False,182,False,False,0.5,,0.0,False,2026-02-23T15:00:00+00:00,182,True,True
2026-02-24T18:00:00+00:00,ZG,43.06,43.01,42.65,44.26,False,False,0.5,,0.0,False,182,False,False,0.5,,0.0,False,2026-02-23T15:00:00+00:00,182,True,True
2026-02-24T18:30:00+00:00,ZG,43.56,43.06,42.65,44.26,False,False,0.5,,0.0,False,182,False,False,0.5,,0.0,False,2026-02-23T15:00:00+00:00,182,True,True
2026-02-24T19:00:00+00:00,ZG,43.81,43.56,42.65,44.26,False,False,0.5,,0.0,False,182,False,False,0.5,,0.0,False,2026-02-23T15:00:00+00:00,182,True,True
2026-02-24T19:30:00+00:00,ZG,43.71,43.81,42.65,44.26,False,False,0.5,,0.0,False,182,False,False,0.5,,0.0,False,2026-02-23T15:00:00+00:00,182,True,True
2026-02-24T20:00:00+00:00,ZG,43.735,43.71,42.65,44.26,False,False,0.5,,0.0,False,182,False,False,0.5,,0.0,False,2026-02-23T15:00:00+00:00,182,True,True
2026-02-24T20:30:00+00:00,ZG,43.63,43.735,42.65,44.26,False,False,0.5,,0.0,False,182,False,False,0.5,,0.0,False,2026-02-23T15:00:00+00:00,182,True,True
2026-02-25T14:30:00+00:00,ZG,44.01,43.63,42.65,44.26,False,False,0.5,,0.0,False,182,False,False,0.5,,0.0,False,2026-02-23T15:00:00+00:00,183,True,True
2026-02-25T15:00:00+00:00,ZG,44.65,44.01,42.65,44.26,False,False,0.5,,0.0,False,182,False,False,0.5,,0.0,False,2026-02-23T15:00:00+00:00,184,True,True
2026-02-25T15:30:00+00:00,ZG,44.725,44.65,42.65,44.65,False,False,0.5,,0.0,False,182,False,False,0.5,,0.0,False,2026-02-23T15:00:00+00:00,185,True,True
2026-02-25T16:00:00+00:00,ZG,44.84,44.725,42.65,44.725,False,False,0.5,,0.0,False,182,False,False,0.5,,0.0,False,2026-02-23T15:00:00+00:00,186,True,True
2026-02-25T16:30:00+00:00,ZG,44.5,44.84,42.65,44.84,False,False,0.5,,0.0,False,182,False,False,0.5,,0.0,False,2026-02-23T15:00:00+00:00,187,True,True
2026-02-25T17:00:00+00:00,ZG,44.61,44.5,42.65,44.84,False,False,0.5,,0.0,False,182,False,False,0.5,,0.0,False,2026-02-23T15:00:00+00:00,188,True,True
2026-02-25T17:30:00+00:00,ZG,44.6,44.61,42.65,44.84,False,False,0.5,,0.0,False,182,False,False,0.5,,0.0,False,2026-02-23T15:00:00+00:00,189,True,True
2026-02-25T18:00:00+00:00,ZG,44.96,44.6,42.65,44.84,False,False,0.5,,0.0,False,182,False,False,0.5,,0.0,False,2026-02-23T15:00:00+00:00,190,True,True
2026-02-25T18:30:00+00:00,ZG,45.24,44.96,42.65,44.96,False,False,0.5,,0.0,False,182,False,False,0.5,,0.0,False,2026-02-23T15:00:00+00:00,191,True,True
2026-02-25T19:00:00+00:00,ZG,45.24,45.24,42.65,45.24,False,True,0.58016571,SELL,2.0,True,215,False,True,0.58016571,SELL,2.0,True,2026-02-25T18:30:00+00:00,192,True,True
2026-02-25T19:30:00+00:00,ZG,45.66,45.24,45.24,45.24,False,False,0.5,,0.0,False,215,False,False,0.5,,0.0,False,2026-02-25T18:30:00+00:00,215,True,True
2026-02-25T20:00:00+00:00,ZG,45.43,45.66,45.24,45.66,False,False,0.5,,0.0,False,215,False,False,0.5,,0.0,False,2026-02-25T18:30:00+00:00,215,True,True
2026-02-25T20:30:00+00:00,ZG,45.1,45.43,45.24,45.66,False,False,0.5,,0.0,False,215,False,False,0.5,,0.0,False,2026-02-25T18:30:00+00:00,215,True,True
2026-02-26T14:30:00+00:00,ZG,46.205,45.1,45.1,45.66,False,False,0.5,,0.0,False,215,False,False,0.5,,0.0,False,2026-02-25T18:30:00+00:00,215,True,True
2026-02-26T15:00:00+00:00,ZG,46.95,46.205,45.1,46.205,False,False,0.5,,0.0,False,215,False,False,0.5,,0.0,False,2026-02-25T18:30:00+00:00,215,True,True
2026-02-26T15:30:00+00:00,ZG,46.68,46.95,45.1,46.95,False,False,0.5,,0.0,False,215,False,False,0.5,,0.0,False,2026-02-25T18:30:00+00:00,215,True,True
2026-02-26T16:00:00+00:00,ZG,46.95,46.68,45.1,46.95,False,False,0.5,,0.0,False,215,False,False,0.5,,0.0,False,2026-02-25T18:30:00+00:00,215,True,True
2026-02-26T16:30:00+00:00,ZG,46.62,46.95,45.1,46.95,False,False,0.5,,0.0,False,215,False,False,0.5,,0.0,False,2026-02-25T18:30:00+00:00,215,True,True
2026-02-26T17:00:00+00:00,ZG,46.48,46.62,45.1,46.95,False,False,0.5,,0.0,False,215,False,False,0.5,,0.0,False,2026-02-25T18:30:00+00:00,215,True,True
2026-02-26T17:30:00+00:00,ZG,46.5,46.48,45.1,46.95,False,False,0.5,,0.0,False,215,False,False,0.5,,0.0,False,2026-02-25T18:30:00+00:00,215,True,True
2026-02-26T18:00:00+00:00,ZG,45.78,46.5,45.1,46.95,False,False,0.5,,0.0,False,215,False,False,0.5,,0.0,False,2026-02-25T18:30:00+00:00,215,True,True
2026-02-26T18:30:00+00:00,ZG,45.88,45.78,45.1,46.95,False,False,0.5,,0.0,False,215,False,False,0.5,,0.0,False,2026-02-25T18:30:00+00:00,215,True,True
2026-02-26T19:00:00+00:00,ZG,46.29,45.88,45.1,46.95,False,False,0.5,,0.0,False,215,False,False,0.5,,0.0,False,2026-02-25T18:30:00+00:00,215,True,True
2026-02-26T19:30:00+00:00,ZG,46.18,46.29,45.1,46.95,False,False,0.5,,0.0,False,215,False,False,0.5,,0.0,False,2026-02-25T18:30:00+00:00,215,True,True
2026-02-26T20:00:00+00:00,ZG,46.07,46.18,45.1,46.95,False,False,0.5,,0.0,False,215,False,False,0.5,,0.0,False,2026-02-25T18:30:00+00:00,215,True,True
2026-02-26T20:30:00+00:00,ZG,46.4,46.07,45.1,46.95,False,False,0.5,,0.0,False,215,False,False,0.5,,0.0,False,2026-02-25T18:30:00+00:00,215,True,True
2026-02-27T14:30:00+00:00,ZG,45.86,46.4,45.1,46.95,False,False,0.5,,0.0,False,215,False,False,0.5,,0.0,False,2026-02-25T18:30:00+00:00,215,True,True
2026-02-27T15:00:00+00:00,ZG,44.48,45.86,45.1,46.95,False,False,0.5,,0.0,False,215,False,False,0.5,,0.0,False,2026-02-25T18:30:00+00:00,215,True,True
2026-02-27T15:30:00+00:00,ZG,44.76,44.48,44.48,46.95,False,False,0.5,,0.0,False,215,False,False,0.5,,0.0,False,2026-02-25T18:30:00+00:00,215,True,True
2026-02-27T16:00:00+00:00,ZG,45.175,44.76,44.48,46.95,False,False,0.5,,0.0,False,215,False,False,0.5,,0.0,False,2026-02-25T18:30:00+00:00,215,True,True
2026-02-27T16:30:00+00:00,ZG,45.5,45.175,44.48,46.95,False,False,0.5,,0.0,False,215,False,False,0.5,,0.0,False,2026-02-25T18:30:00+00:00,215,True,True
2026-02-27T17:00:00+00:00,ZG,45.51,45.5,44.48,46.95,False,False,0.5,,0.0,False,215,False,False,0.5,,0.0,False,2026-02-25T18:30:00+00:00,215,True,True
2026-02-27T17:30:00+00:00,ZG,45.23,45.51,44.48,46.95,False,False,0.5,,0.0,False,215,False,False,0.5,,0.0,False,2026-02-25T18:30:00+00:00,215,True,True
2026-02-27T18:00:00+00:00,ZG,45.1,45.23,44.48,46.95,False,False,0.5,,0.0,False,215,False,False,0.5,,0.0,False,2026-02-25T18:30:00+00:00,216,True,True
2026-02-27T18:30:00+00:00,ZG,45.39,45.1,44.48,46.95,False,False,0.5,,0.0,False,215,False,False,0.5,,0.0,False,2026-02-25T18:30:00+00:00,217,True,True
2026-02-27T19:00:00+00:00,ZG,45.05,45.39,44.48,46.95,False,False,0.5,,0.0,False,215,False,False,0.5,,0.0,False,2026-02-25T18:30:00+00:00,218,True,True
2026-02-27T19:30:00+00:00,ZG,44.78,45.05,44.48,46.95,False,False,0.5,,0.0,False,215,False,False,0.5,,0.0,False,2026-02-25T18:30:00+00:00,219,True,True
2026-02-27T20:00:00+00:00,ZG,44.51,44.78,44.48,46.95,False,False,0.5,,0.0,False,215,False,False,0.5,,0.0,False,2026-02-25T18:30:00+00:00,220,True,True
2026-02-27T20:30:00+00:00,ZG,45.075,44.51,44.48,46.95,False,False,0.5,,0.0,False,215,False,False,0.5,,0.0,False,2026-02-25T18:30:00+00:00,221,True,True
2026-03-02T14:30:00+00:00,ZG,43.32,45.075,44.48,46.95,False,False,0.5,,0.0,False,215,False,False,0.5,,0.0,False,2026-02-25T18:30:00+00:00,222,True,True
2026-03-02T15:00:00+00:00,ZG,43.385,43.32,43.32,46.95,True,False,0.7163005,BUY,3.0,True,246,True,False,0.7163005,BUY,3.0,True,2026-03-02T14:30:00+00:00,223,True,True
2026-03-02T15:30:00+00:00,ZG,43.255,43.385,43.32,43.385,False,False,0.5,,0.0,False,246,False,False,0.5,,0.0,False,2026-03-02T14:30:00+00:00,246,True,True
2026-03-02T16:00:00+00:00,ZG,43.35,43.255,43.255,43.385,False,False,0.5,,0.0,False,246,False,False,0.5,,0.0,False,2026-03-02T14:30:00+00:00,246,True,True
2026-03-02T16:30:00+00:00,ZG,43.03,43.35,43.255,43.385,False,False,0.5,,0.0,False,246,False,False,0.5,,0.0,False,2026-03-02T14:30:00+00:00,246,True,True
2026-03-02T17:00:00+00:00,ZG,43.19,43.03,43.03,43.385,False,False,0.5,,0.0,False,246,False,False,0.5,,0.0,False,2026-03-02T14:30:00+00:00,246,True,True
2026-03-02T17:30:00+00:00,ZG,43.13,43.19,43.03,43.385,False,False,0.5,,0.0,False,246,False,False,0.5,,0.0,False,2026-03-02T14:30:00+00:00,246,True,True
2026-03-02T18:00:00+00:00,ZG,43.38,43.13,43.03,43.385,False,False,0.5,,0.0,False,246,False,False,0.5,,0.0,False,2026-03-02T14:30:00+00:00,246,True,True
2026-03-02T18:30:00+00:00,ZG,43.67,43.38,43.03,43.385,False,False,0.5,,0.0,False,246,False,False,0.5,,0.0,False,2026-03-02T14:30:00+00:00,246,True,True
2026-03-02T19:00:00+00:00,ZG,43.71,43.67,43.03,43.67,False,False,0.5,,0.0,False,246,False,False,0.5,,0.0,False,2026-03-02T14:30:00+00:00,246,True,True
2026-03-02T19:30:00+00:00,ZG,44.35,43.71,43.03,43.71,False,False,0.5,,0.0,False,246,False,False,0.5,,0.0,False,2026-03-02T14:30:00+00:00,246,True,True
2026-03-02T20:00:00+00:00,ZG,44.28,44.35,43.03,44.35,False,False,0.5,,0.0,False,246,False,False,0.5,,0.0,False,2026-03-02T14:30:00+00:00,246,True,True
2026-03-02T20:30:00+00:00,ZG,43.83,44.28,43.03,44.35,False,False,0.5,,0.0,False,246,False,False,0.5,,0.0,False,2026-03-02T14:30:00+00:00,246,True,True
2026-03-03T14:30:00+00:00,ZG,43.48,43.83,43.03,44.35,False,False,0.5,,0.0,False,246,False,False,0.5,,0.0,False,2026-03-02T14:30:00+00:00,246,True,True
2026-03-03T15:00:00+00:00,ZG,43.38,43.48,43.03,44.35,False,False,0.5,,0.0,False,246,False,False,0.5,,0.0,False,2026-03-02T14:30:00+00:00,246,True,True
2026-03-03T15:30:00+00:00,ZG,43.65,43.38,43.03,44.35,False,False,0.5,,0.0,False,246,False,False,0.5,,0.0,False,2026-03-02T14:30:00+00:00,246,True,True
2026-03-03T16:00:00+00:00,ZG,43.95,43.65,43.03,44.35,False,False,0.5,,0.0,False,246,False,False,0.5,,0.0,False,2026-03-02T14:30:00+00:00,246,True,True
2026-03-03T16:30:00+00:00,ZG,44.5,43.95,43.03,44.35,False,False,0.5,,0.0,False,246,False,False,0.5,,0.0,False,2026-03-02T14:30:00+00:00,246,True,True
2026-03-03T17:00:00+00:00,ZG,44.94,44.5,43.03,44.5,False,False,0.5,,0.0,False,246,False,False,0.5,,0.0,False,2026-03-02T14:30:00+00:00,246,True,True
2026-03-03T17:30:00+00:00,ZG,44.695,44.94,43.03,44.94,False,False,0.5,,0.0,False,246,False,False,0.5,,0.0,False,2026-03-02T14:30:00+00:00,246,True,True
2026-03-03T18:00:00+00:00,ZG,45.02,44.695,43.03,44.94,False,False,0.5,,0.0,False,246,False,False,0.5,,0.0,False,2026-03-02T14:30:00+00:00,246,True,True
2026-03-03T18:30:00+00:00,ZG,45.38,45.02,43.03,45.02,False,False,0.5,,0.0,False,246,False,False,0.5,,0.0,False,2026-03-02T14:30:00+00:00,246,True,True
2026-03-03T19:00:00+00:00,ZG,45.66,45.38,43.03,45.38,False,False,0.5,,0.0,False,246,False,False,0.5,,0.0,False,2026-03-02T14:30:00+00:00,246,True,True
2026-03-03T19:30:00+00:00,ZG,46.02,45.66,43.03,45.66,False,False,0.5,,0.0,False,246,False,False,0.5,,0.0,False,2026-03-02T14:30:00+00:00,246,True,True
2026-03-03T20:00:00+00:00,ZG,46.33,46.02,43.03,46.02,False,False,0.5,,0.0,False,246,False,False,0.5,,0.0,False,2026-03-02T14:30:00+00:00,246,True,True
2026-03-03T20:30:00+00:00,ZG,45.725,46.33,43.03,46.33,False,True,0.59568208,SELL,2.0,True,270,False,True,0.59568208,SELL,2.0,True,2026-03-03T20:00:00+00:00,247,True,True
2026-03-04T14:30:00+00:00,ZG,45.955,45.725,45.725,46.33,False,False,0.5,,0.0,False,270,False,False,0.5,,0.0,False,2026-03-03T20:00:00+00:00,270,True,True
2026-02-03T19:30:00+00:00,AMD,240.49,237.17,237.17,252.28,False,False,0.5,,0.0,False,0,False,False,0.5,,0.0,False,,1,True,True
2026-02-03T20:00:00+00:00,AMD,241.91,240.49,237.17,252.28,False,False,0.5,,0.0,False,0,False,False,0.5,,0.0,False,,2,True,True
2026-02-03T20:30:00+00:00,AMD,243.12,241.91,237.17,252.28,False,False,0.5,,0.0,False,0,False,False,0.5,,0.0,False,,3,True,True
2026-02-03T21:00:00+00:00,AMD,246.54,243.12,237.17,252.28,False,False,0.5,,0.0,False,0,False,False,0.5,,0.0,False,,4,True,True
2026-02-03T21:30:00+00:00,AMD,229.37,246.54,237.17,252.28,False,False,0.5,,0.0,False,0,False,False,0.5,,0.0,False,,5,True,True
2026-02-04T13:30:00+00:00,AMD,217.65,229.37,229.37,252.28,False,False,0.5,,0.0,False,0,False,False,0.5,,0.0,False,,6,True,True
2026-02-04T14:30:00+00:00,AMD,215.095,217.65,217.65,252.28,False,False,0.5,,0.0,False,0,False,False,0.5,,0.0,False,,7,True,True
2026-02-04T15:00:00+00:00,AMD,207.31,215.095,215.095,252.28,False,False,0.5,,0.0,False,0,False,False,0.5,,0.0,False,,8,True,True
2026-02-04T15:30:00+00:00,AMD,208.41,207.31,207.31,252.28,True,False,2.0,BUY,3.0,True,32,True,False,2.0,BUY,3.0,True,2026-02-04T15:00:00+00:00,9,True,True
2026-02-04T16:00:00+00:00,AMD,205.85,208.41,207.31,208.41,False,False,0.5,,0.0,False,32,False,False,0.5,,0.0,False,2026-02-04T15:00:00+00:00,32,True,True
2026-02-04T16:30:00+00:00,AMD,204.12,205.85,205.85,208.41,False,False,0.5,,0.0,False,32,False,False,0.5,,0.0,False,2026-02-04T15:00:00+00:00,32,True,True
2026-02-04T17:00:00+00:00,AMD,202.83,204.12,204.12,208.41,False,False,0.5,,0.0,False,32,False,False,0.5,,0.0,False,2026-02-04T15:00:00+00:00,32,True,True
2026-02-04T17:30:00+00:00,AMD,200.51,202.83,202.83,208.41,False,False,0.5,,0.0,False,32,False,False,0.5,,0.0,False,2026-02-04T15:00:00+00:00,32,True,True
2026-02-04T18:00:00+00:00,AMD,202.0,200.51,200.51,208.41,False,False,0.5,,0.0,False,32,False,False,0.5,,0.0,False,2026-02-04T15:00:00+00:00,32,True,True
2026-02-04T18:30:00+00:00,AMD,202.225,202.0,200.51,208.41,False,False,0.5,,0.0,False,32,False,False,0.5,,0.0,False,2026-02-04T15:00:00+00:00,32,True,True
2026-02-04T19:00:00+00:00,AMD,200.73,202.225,200.51,208.41,False,False,0.5,,0.0,False,32,False,False,0.5,,0.0,False,2026-02-04T15:00:00+00:00,32,True,True
2026-02-04T19:30:00+00:00,AMD,200.92,200.73,200.51,208.41,False,False,0.5,,0.0,False,32,False,False,0.5,,0.0,False,2026-02-04T15:00:00+00:00,32,True,True
2026-02-04T20:00:00+00:00,AMD,204.12,200.92,200.51,208.41,False,False,0.5,,0.0,False,32,False,False,0.5,,0.0,False,2026-02-04T15:00:00+00:00,32,True,True
2026-02-04T20:30:00+00:00,AMD,201.62,204.12,200.51,208.41,False,False,0.5,,0.0,False,32,False,False,0.5,,0.0,False,2026-02-04T15:00:00+00:00,32,True,True
2026-02-05T14:00:00+00:00,AMD,201.04,201.62,200.51,208.41,False,False,0.5,,0.0,False,32,False,False,0.5,,0.0,False,2026-02-04T15:00:00+00:00,32,True,True
2026-02-05T14:30:00+00:00,AMD,201.805,201.04,200.51,208.41,False,False,0.5,,0.0,False,32,False,False,0.5,,0.0,False,2026-02-04T15:00:00+00:00,32,True,True
2026-02-05T15:00:00+00:00,AMD,198.74,201.805,200.51,208.41,False,False,0.5,,0.0,False,32,False,False,0.5,,0.0,False,2026-02-04T15:00:00+00:00,32,True,True
2026-02-05T15:30:00+00:00,AMD,193.14,198.74,198.74,208.41,False,False,0.5,,0.0,False,32,False,False,0.5,,0.0,False,2026-02-04T15:00:00+00:00,32,True,True
2026-02-05T16:00:00+00:00,AMD,192.54,193.14,193.14,208.41,False,False,0.5,,0.0,False,32,False,False,0.5,,0.0,False,2026-02-04T15:00:00+00:00,32,True,True
2026-02-05T16:30:00+00:00,AMD,196.34,192.54,192.54,208.41,True,False,0.55798326,BUY,0.0,False,32,True,False,0.55798326,BUY,0.0,False,2026-02-04T15:00:00+00:00,32,True,True
2026-02-05T17:00:00+00:00,AMD,195.76,196.34,192.54,208.41,False,False,0.5,,0.0,False,32,False,False,0.5,,0.0,False,2026-02-04T15:00:00+00:00,32,True,True
2026-02-05T17:30:00+00:00,AMD,195.03,195.76,192.54,208.41,False,False,0.5,,0.0,False,32,False,False,0.5,,0.0,False,2026-02-04T15:00:00+00:00,32,True,True
2026-02-05T18:00:00+00:00,AMD,194.07,195.03,192.54,208.41,False,False,0.5,,0.0,False,32,False,False,0.5,,0.0,False,2026-02-04T15:00:00+00:00,32,True,True
2026-02-05T18:30:00+00:00,AMD,192.36,194.07,192.54,208.41,False,False,0.5,,0.0,False,32,False,False,0.5,,0.0,False,2026-02-04T15:00:00+00:00,32,True,True
2026-02-05T19:00:00+00:00,AMD,191.27,192.36,192.36,208.41,False,False,0.5,,0.0,False,32,False,False,0.5,,0.0,False,2026-02-04T15:00:00+00:00,32,True,True
2026-02-05T19:30:00+00:00,AMD,191.95,191.27,191.27,208.41,True,False,0.7472064,BUY,1.0,True,54,True,False,0.7472064,BUY,1.0,True,2026-02-05T19:00:00+00:00,32,True,True
2026-02-05T20:00:00+00:00,AMD,191.53,191.95,191.27,191.95,False,False,0.5,,0.0,False,54,False,False,0.5,,0.0,False,2026-02-05T19:00:00+00:00,54,True,True
2026-02-05T20:30:00+00:00,AMD,191.2,191.53,191.27,191.95,False,False,0.5,,0.0,False,54,False,False,0.5,,0.0,False,2026-02-05T19:00:00+00:00,54,True,True
2026-02-05T21:00:00+00:00,AMD,192.86,191.2,191.2,191.95,False,False,0.5,,0.0,False,54,False,False,0.5,,0.0,False,2026-02-05T19:00:00+00:00,54,True,True
2026-02-05T21:30:00+00:00,AMD,188.47,192.86,191.2,192.86,False,False,0.5,,0.0,False,54,False,False,0.5,,0.0,False,2026-02-05T19:00:00+00:00,54,True,True
2026-02-06T13:30:00+00:00,AMD,198.26,188.47,188.47,192.86,False,False,0.5,,0.0,False,54,False,False,0.5,,0.0,False,2026-02-05T19:00:00+00:00,54,True,True
2026-02-06T14:30:00+00:00,AMD,196.99,198.26,188.47,198.26,False,False,0.5,,0.0,False,54,False,False,0.5,,0.0,False,2026-02-05T19:00:00+00:00,54,True,True
2026-02-06T15:00:00+00:00,AMD,202.98,196.99,188.47,198.26,False,False,0.5,,0.0,False,54,False,False,0.5,,0.0,False,2026-02-05T19:00:00+00:00,54,True,True
2026-02-06T15:30:00+00:00,AMD,204.995,202.98,188.47,202.98,False,False,0.5,,0.0,False,54,False,False,0.5,,0.0,False,2026-02-05T19:00:00+00:00,54,True,True
2026-02-06T16:00:00+00:00,AMD,206.01,204.995,188.47,204.995,False,False,0.5,,0.0,False,54,False,False,0.5,,0.0,False,2026-02-05T19:00:00+00:00,54,True,True
2026-02-06T16:30:00+00:00,AMD,207.78,206.01,188.47,206.01,False,False,0.5,,0.0,False,54,False,False,0.5,,0.0,False,2026-02-05T19:00:00+00:00,54,True,True
2026-02-06T17:00:00+00:00,AMD,207.28,207.78,188.47,207.78,False,True,0.99728216,SELL,0.0,False,54,False,True,0.99728216,SELL,0.0,False,2026-02-05T19:00:00+00:00,54,True,True
2026-02-06T17:30:00+00:00,AMD,208.2,207.28,188.47,207.78,False,False,0.5,,0.0,False,54,False,False,0.5,,0.0,False,2026-02-05T19:00:00+00:00,54,True,True
2026-02-06T18:00:00+00:00,AMD,208.16,208.2,188.47,208.2,False,True,1.0639698,SELL,0.0,False,54,False,True,1.0639698,SELL,0.0,False,2026-02-05T19:00:00+00:00,54,True,True
2026-02-06T18:30:00+00:00,AMD,207.645,208.16,188.47,208.2,False,True,1.02441949,SELL,0.0,False,54,False,True,1.02441949,SELL,0.0,False,2026-02-05T19:00:00+00:00,54,True,True
2026-02-06T19:00:00+00:00,AMD,207.585,207.645,188.47,208.2,False,True,1.01990837,SELL,0.0,False,54,False,True,1.01990837,SELL,0.0,False,2026-02-05T19:00:00+00:00,54,True,True
2026-02-06T19:30:00+00:00,AMD,206.85,207.585,188.47,208.2,False,True,0.96623301,SELL,0.0,False,54,False,True,0.96623301,SELL,0.0,False,2026-02-05T19:00:00+00:00,54,True,True
2026-02-06T20:00:00+00:00,AMD,206.25,206.85,188.47,208.2,False,True,0.92451743,SELL,0.0,False,54,False,True,0.92451743,SELL,0.0,False,2026-02-05T19:00:00+00:00,54,True,True
2026-02-06T20:30:00+00:00,AMD,207.88,206.25,188.47,208.2,False,False,0.5,,0.0,False,54,False,False,0.5,,0.0,False,2026-02-05T19:00:00+00:00,54,True,True
2026-02-06T21:00:00+00:00,AMD,207.77,207.88,188.47,208.2,False,True,1.03388184,SELL,0.0,False,54,False,True,1.03388184,SELL,0.0,False,2026-02-05T19:00:00+00:00,54,True,True
2026-02-09T13:30:00+00:00,AMD,208.61,207.77,188.47,208.2,False,False,0.5,,0.0,False,54,False,False,0.5,,0.0,False,2026-02-05T19:00:00+00:00,54,True,True
2026-02-09T14:30:00+00:00,AMD,206.895,208.61,188.47,208.61,False,True,0.96943652,SELL,0.0,False,54,False,True,0.96943652,SELL,0.0,False,2026-02-05T19:00:00+00:00,54,True,True
2026-02-09T15:00:00+00:00,AMD,213.32,206.895,188.47,208.61,False,False,0.5,,0.0,False,54,False,False,0.5,,0.0,False,2026-02-05T19:00:00+00:00,54,True,True
2026-02-09T15:30:00+00:00,AMD,212.445,213.32,188.47,213.32,False,True,1.4581827,SELL,1.0,True,77,False,True,1.4581827,SELL,1.0,True,2026-02-09T15:00:00+00:00,54,True,True
2026-02-09T16:00:00+00:00,AMD,215.425,212.445,212.445,213.32,False,False,0.5,,0.0,False,77,False,False,0.5,,0.0,False,2026-02-09T15:00:00+00:00,77,True,True
2026-02-09T16:30:00+00:00,AMD,215.25,215.425,212.445,215.425,False,False,0.5,,0.0,False,77,False,False,0.5,,0.0,False,2026-02-09T15:00:00+00:00,77,True,True
2026-02-09T17:00:00+00:00,AMD,215.94,215.25,212.445,215.425,False,False,0.5,,0.0,False,77,False,False,0.5,,0.0,False,2026-02-09T15:00:00+00:00,77,True,True
2026-02-09T17:30:00+00:00,AMD,216.05,215.94,212.445,215.94,False,False,0.5,,0.0,False,77,False,False,0.5,,0.0,False,2026-02-09T15:00:00+00:00,77,True,True
2026-02-09T18:00:00+00:00,AMD,215.52,216.05,212.445,216.05,False,False,0.5,,0.0,False,77,False,False,0.5,,0.0,False,2026-02-09T15:00:00+00:00,77,True,True
2026-02-09T18:30:00+00:00,AMD,215.22,215.52,212.445,216.05,False,False,0.5,,0.0,False,77,False,False,0.5,,0.0,False,2026-02-09T15:00:00+00:00,77,True,True
2026-02-09T19:00:00+00:00,AMD,216.54,215.22,212.445,216.05,False,False,0.5,,0.0,False,77,False,False,0.5,,0.0,False,2026-02-09T15:00:00+00:00,77,True,True
2026-02-09T19:30:00+00:00,AMD,217.295,216.54,212.445,216.54,False,False,0.5,,0.0,False,77,False,False,0.5,,0.0,False,2026-02-09T15:00:00+00:00,77,True,True
2026-02-09T20:00:00+00:00,AMD,216.75,217.295,212.445,217.295,False,False,0.5,,0.0,False,77,False,False,0.5,,0.0,False,2026-02-09T15:00:00+00:00,77,True,True
2026-02-09T20:30:00+00:00,AMD,216.2,216.75,212.445,217.295,False,False,0.5,,0.0,False,77,False,False,0.5,,0.0,False,2026-02-09T15:00:00+00:00,77,True,True
2026-02-09T21:30:00+00:00,AMD,215.68,216.2,212.445,217.295,False,False,0.5,,0.0,False,77,False,False,0.5,,0.0,False,2026-02-09T15:00:00+00:00,77,True,True
2026-02-10T13:00:00+00:00,AMD,216.68,215.68,212.445,217.295,False,False,0.5,,0.0,False,77,False,False,0.5,,0.0,False,2026-02-09T15:00:00+00:00,77,True,True
2026-02-10T13:30:00+00:00,AMD,216.81,216.68,212.445,217.295,False,False,0.5,,0.0,False,77,False,False,0.5,,0.0,False,2026-02-09T15:00:00+00:00,77,True,True
2026-02-10T14:00:00+00:00,AMD,217.16,216.81,212.445,217.295,False,False,0.5,,0.0,False,77,False,False,0.5,,0.0,False,2026-02-09T15:00:00+00:00,77,True,True
2026-02-10T14:30:00+00:00,AMD,215.62,217.16,212.445,217.295,False,False,0.5,,0.0,False,77,False,False,0.5,,0.0,False,2026-02-09T15:00:00+00:00,77,True,True
2026-02-10T15:00:00+00:00,AMD,215.735,215.62,212.445,217.295,False,False,0.5,,0.0,False,77,False,False,0.5,,0.0,False,2026-02-09T15:00:00+00:00,77,True,True
2026-02-10T15:30:00+00:00,AMD,215.64,215.735,212.445,217.295,False,False,0.5,,0.0,False,77,False,False,0.5,,0.0,False,2026-02-09T15:00:00+00:00,77,True,True
2026-02-10T16:00:00+00:00,AMD,216.9,215.64,212.445,217.295,False,False,0.5,,0.0,False,77,False,False,0.5,,0.0,False,2026-02-09T15:00:00+00:00,77,True,True
2026-02-10T16:30:00+00:00,AMD,216.64,216.9,212.445,217.295,False,False,0.5,,0.0,False,77,False,False,0.5,,0.0,False,2026-02-09T15:00:00+00:00,77,True,True
2026-02-10T17:00:00+00:00,AMD,216.26,216.64,212.445,217.295,False,False,0.5,,0.0,False,77,False,False,0.5,,0.0,False,2026-02-09T15:00:00+00:00,77,True,True
2026-02-10T17:30:00+00:00,AMD,215.37,216.26,212.445,217.295,False,False,0.5,,0.0,False,77,False,False,0.5,,0.0,False,2026-02-09T15:00:00+00:00,77,True,True
2026-02-10T18:00:00+00:00,AMD,216.06,215.37,212.445,217.295,False,False,0.5,,0.0,False,77,False,False,0.5,,0.0,False,2026-02-09T15:00:00+00:00,77,True,True
2026-02-10T18:30:00+00:00,AMD,214.76,216.06,212.445,217.295,False,False,0.5,,0.0,False,77,False,False,0.5,,0.0,False,2026-02-09T15:00:00+00:00,77,True,True
2026-02-10T19:00:00+00:00,AMD,215.37,214.76,212.445,217.295,False,False,0.5,,0.0,False,77,False,False,0.5,,0.0,False,2026-02-09T15:00:00+00:00,78,True,True
2026-02-10T19:30:00+00:00,AMD,215.31,215.37,214.76,217.295,False,False,0.5,,0.0,False,77,False,False,0.5,,0.0,False,2026-02-09T15:00:00+00:00,79,True,True
2026-02-10T20:00:00+00:00,AMD,215.06,215.31,214.76,217.295,False,False,0.5,,0.0,False,77,False,False,0.5,,0.0,False,2026-02-09T15:00:00+00:00,80,True,True
2026-02-10T20:30:00+00:00,AMD,213.61,215.06,214.76,217.295,False,False,0.5,,0.0,False,77,False,False,0.5,,0.0,False,2026-02-09T15:00:00+00:00,81,True,True
2026-02-11T14:30:00+00:00,AMD,217.655,213.61,213.61,217.295,False,False,0.5,,0.0,False,77,False,False,0.5,,0.0,False,2026-02-09T15:00:00+00:00,82,True,True
2026-02-11T15:00:00+00:00,AMD,215.61,217.655,213.61,217.655,False,False,0.5,,0.0,False,77,False,False,0.5,,0.0,False,2026-02-09T15:00:00+00:00,83,True,True
2026-02-11T15:30:00+00:00,AMD,209.68,215.61,213.61,217.655,False,False,0.5,,0.0,False,77,False,False,0.5,,0.0,False,2026-02-09T15:00:00+00:00,84,True,True
2026-02-11T16:00:00+00:00,AMD,214.31,209.68,209.68,217.655,False,False,0.5,,0.0,False,77,False,False,0.5,,0.0,False,2026-02-09T15:00:00+00:00,85,True,True
2026-02-11T16:30:00+00:00,AMD,212.32,214.31,209.68,217.655,False,False,0.5,,0.0,False,77,False,False,0.5,,0.0,False,2026-02-09T15:00:00+00:00,86,True,True
2026-02-11T17:00:00+00:00,AMD,210.97,212.32,209.68,217.655,False,False,0.5,,0.0,False,77,False,False,0.5,,0.0,False,2026-02-09T15:00:00+00:00,87,True,True
2026-02-11T17:30:00+00:00,AMD,211.33,210.97,209.68,217.655,False,False,0.5,,0.0,False,77,False,False,0.5,,0.0,False,2026-02-09T15:00:00+00:00,88,True,True
2026-02-11T18:00:00+00:00,AMD,211.315,211.33,209.68,217.655,False,False,0.5,,0.0,False,77,False,False,0.5,,0.0,False,2026-02-09T15:00:00+00:00,89,True,True
2026-02-11T18:30:00+00:00,AMD,211.08,211.315,209.68,217.655,False,False,0.5,,0.0,False,77,False,False,0.5,,0.0,False,2026-02-09T15:00:00+00:00,90,True,True
2026-02-11T19:00:00+00:00,AMD,211.115,211.08,209.68,217.655,False,False,0.5,,0.0,False,77,False,False,0.5,,0.0,False,2026-02-09T15:00:00+00:00,91,True,True
2026-02-11T19:30:00+00:00,AMD,213.57,211.115,209.68,217.655,False,False,0.5,,0.0,False,77,False,False,0.5,,0.0,False,2026-02-09T15:00:00+00:00,92,True,True
2026-02-11T20:00:00+00:00,AMD,212.81,213.57,209.68,217.655,False,False,0.5,,0.0,False,77,False,False,0.5,,0.0,False,2026-02-09T15:00:00+00:00,93,True,True
2026-02-11T20:30:00+00:00,AMD,212.51,212.81,209.68,217.655,False,False,0.5,,0.0,False,77,False,False,0.5,,0.0,False,2026-02-09T15:00:00+00:00,94,True,True
2026-02-11T21:30:00+00:00,AMD,213.17,212.51,209.68,217.655,False,False,0.5,,0.0,False,77,False,False,0.5,,0.0,False,2026-02-09T15:00:00+00:00,95,True,True
2026-02-12T13:00:00+00:00,AMD,215.62,213.17,209.68,217.655,False,False,0.5,,0.0,False,77,False,False,0.5,,0.0,False,2026-02-09T15:00:00+00:00,96,True,True
2026-02-12T13:30:00+00:00,AMD,216.26,215.62,209.68,217.655,False,False,0.5,,0.0,False,77,False,False,0.5,,0.0,False,2026-02-09T15:00:00+00:00,97,True,True
2026-02-12T14:30:00+00:00,AMD,215.46,216.26,209.68,217.655,False,False,0.5,,0.0,False,77,False,False,0.5,,0.0,False,2026-02-09T15:00:00+00:00,98,True,True
2026-02-12T15:00:00+00:00,AMD,212.24,215.46,209.68,217.655,False,False,0.5,,0.0,False,77,False,False,0.5,,0.0,False,2026-02-09T15:00:00+00:00,99,True,True
2026-02-12T15:30:00+00:00,AMD,213.91,212.24,209.68,217.655,False,False,0.5,,0.0,False,77,False,False,0.5,,0.0,False,2026-02-09T15:00:00+00:00,100,True,True
2026-02-12T16:00:00+00:00,AMD,210.28,213.91,209.68,217.655,False,False,0.5,,0.0,False,77,False,False,0.5,,0.0,False,2026-02-09T15:00:00+00:00,101,True,True
2026-02-12T16:30:00+00:00,AMD,206.42,210.28,209.68,217.655,False,False,0.5,,0.0,False,77,False,False,0.5,,0.0,False,2026-02-09T15:00:00+00:00,102,True,True
2026-02-12T17:00:00+00:00,AMD,207.76,206.42,206.42,217.655,False,False,0.5,,0.0,False,77,False,False,0.5,,0.0,False,2026-02-09T15:00:00+00:00,103,True,True
2026-02-12T17:30:00+00:00,AMD,207.55,207.76,206.42,217.655,False,False,0.5,,0.0,False,77,False,False,0.5,,0.0,False,2026-02-09T15:00:00+00:00,104,True,True
2026-02-12T18:00:00+00:00,AMD,207.18,207.55,206.42,217.655,False,False,0.5,,0.0,False,77,False,False,0.5,,0.0,False,2026-02-09T15:00:00+00:00,105,True,True
2026-02-12T18:30:00+00:00,AMD,207.63,207.18,206.42,217.655,False,False,0.5,,0.0,False,77,False,False,0.5,,0.0,False,2026-02-09T15:00:00+00:00,106,True,True
2026-02-12T19:00:00+00:00,AMD,207.58,207.63,206.42,216.26,False,False,0.5,,0.0,False,77,False,False,0.5,,0.0,False,2026-02-09T15:00:00+00:00,107,True,True
2026-02-12T19:30:00+00:00,AMD,206.735,207.58,206.42,216.26,False,False,0.5,,0.0,False,77,False,False,0.5,,0.0,False,2026-02-09T15:00:00+00:00,108,True,True
2026-02-12T20:00:00+00:00,AMD,206.68,206.735,206.42,216.26,False,False,0.5,,0.0,False,77,False,False,0.5,,0.0,False,2026-02-09T15:00:00+00:00,109,True,True
2026-02-12T20:30:00+00:00,AMD,205.66,206.68,206.42,216.26,False,False,0.5,,0.0,False,77,False,False,0.5,,0.0,False,2026-02-09T15:00:00+00:00,110,True,True
2026-02-13T14:30:00+00:00,AMD,204.035,205.66,205.66,216.26,False,False,0.5,,0.0,False,77,False,False,0.5,,0.0,False,2026-02-09T15:00:00+00:00,111,True,True
2026-02-13T15:00:00+00:00,AMD,206.44,204.035,204.035,216.26,False,False,0.5,,0.0,False,77,False,False,0.5,,0.0,False,2026-02-09T15:00:00+00:00,112,True,True
2026-02-13T15:30:00+00:00,AMD,207.87,206.44,204.035,216.26,False,False,0.5,,0.0,False,77,False,False,0.5,,0.0,False,2026-02-09T15:00:00+00:00,113,True,True
2026-02-13T16:00:00+00:00,AMD,205.86,207.87,204.035,216.26,False,False,0.5,,0.0,False,77,False,False,0.5,,0.0,False,2026-02-09T15:00:00+00:00,114,True,True
2026-02-13T16:30:00+00:00,AMD,207.135,205.86,204.035,216.26,False,False,0.5,,0.0,False,77,False,False,0.5,,0.0,False,2026-02-09T15:00:00+00:00,115,True,True
2026-02-13T17:00:00+00:00,AMD,207.36,207.135,204.035,216.26,False,False,0.5,,0.0,False,77,False,False,0.5,,0.0,False,2026-02-09T15:00:00+00:00,116,True,True
2026-02-13T17:30:00+00:00,AMD,208.19,207.36,204.035,216.26,False,False,0.5,,0.0,False,77,False,False,0.5,,0.0,False,2026-02-09T15:00:00+00:00,117,True,True
2026-02-13T18:00:00+00:00,AMD,208.81,208.19,204.035,216.26,False,False,0.5,,0.0,False,77,False,False,0.5,,0.0,False,2026-02-09T15:00:00+00:00,118,True,True
2026-02-13T18:30:00+00:00,AMD,208.715,208.81,204.035,216.26,False,False,0.5,,0.0,False,77,False,False,0.5,,0.0,False,2026-02-09T15:00:00+00:00,119,True,True
2026-02-13T19:00:00+00:00,AMD,208.47,208.715,204.035,216.26,False,False,0.5,,0.0,False,77,False,False,0.5,,0.0,False,2026-02-09T15:00:00+00:00,120,True,True
2026-02-13T19:30:00+00:00,AMD,207.56,208.47,204.035,216.26,False,False,0.5,,0.0,False,77,False,False,0.5,,0.0,False,2026-02-09T15:00:00+00:00,121,True,True
2026-02-13T20:00:00+00:00,AMD,207.01,207.56,204.035,215.46,False,False,0.5,,0.0,False,77,False,False,0.5,,0.0,False,2026-02-09T15:00:00+00:00,122,True,True
2026-02-13T20:30:00+00:00,AMD,207.09,207.01,204.035,213.91,False,False,0.5,,0.0,False,77,False,False,0.5,,0.0,False,2026-02-09T15:00:00+00:00,123,True,True
2026-02-13T21:00:00+00:00,AMD,207.31,207.09,204.035,213.91,False,False,0.5,,0.0,False,77,False,False,0.5,,0.0,False,2026-02-09T15:00:00+00:00,124,True,True
2026-02-13T21:30:00+00:00,AMD,207.14,207.31,204.035,210.28,False,False,0.5,,0.0,False,77,False,False,0.5,,0.0,False,2026-02-09T15:00:00+00:00,125,True,True
2026-02-17T14:30:00+00:00,AMD,202.145,207.14,204.035,208.81,False,False,0.5,,0.0,False,77,False,False,0.5,,0.0,False,2026-02-09T15:00:00+00:00,126,True,True
2026-02-17T15:00:00+00:00,AMD,196.15,202.145,202.145,208.81,False,False,0.5,,0.0,False,77,False,False,0.5,,0.0,False,2026-02-09T15:00:00+00:00,127,True,True
2026-02-17T15:30:00+00:00,AMD,196.99,196.15,196.15,208.81,True,False,0.54795514,BUY,0.0,False,77,True,False,0.54795514,BUY,0.0,False,2026-02-09T15:00:00+00:00,128,True,True
2026-02-17T16:00:00+00:00,AMD,200.145,196.99,196.15,208.81,False,False,0.5,,0.0,False,77,False,False,0.5,,0.0,False,2026-02-09T15:00:00+00:00,129,True,True
2026-02-17T16:30:00+00:00,AMD,201.99,200.145,196.15,208.81,False,False,0.5,,0.0,False,77,False,False,0.5,,0.0,False,2026-02-09T15:00:00+00:00,130,True,True
2026-02-17T17:00:00+00:00,AMD,203.045,201.99,196.15,208.81,False,False,0.5,,0.0,False,77,False,False,0.5,,0.0,False,2026-02-09T15:00:00+00:00,131,True,True
2026-02-17T17:30:00+00:00,AMD,202.78,203.045,196.15,208.81,False,False,0.5,,0.0,False,77,False,False,0.5,,0.0,False,2026-02-09T15:00:00+00:00,132,True,True
2026-02-17T18:00:00+00:00,AMD,202.59,202.78,196.15,208.81,False,False,0.5,,0.0,False,77,False,False,0.5,,0.0,False,2026-02-09T15:00:00+00:00,133,True,True
2026-02-17T18:30:00+00:00,AMD,203.35,202.59,196.15,208.81,False,False,0.5,,0.0,False,77,False,False,0.5,,0.0,False,2026-02-09T15:00:00+00:00,134,True,True
2026-02-17T19:00:00+00:00,AMD,204.06,203.35,196.15,208.81,False,False,0.5,,0.0,False,77,False,False,0.5,,0.0,False,2026-02-09T15:00:00+00:00,135,True,True
2026-02-17T19:30:00+00:00,AMD,203.815,204.06,196.15,208.81,False,False,0.5,,0.0,False,77,False,False,0.5,,0.0,False,2026-02-09T15:00:00+00:00,136,True,True
2026-02-17T20:00:00+00:00,AMD,203.8,203.815,196.15,208.81,False,False,0.5,,0.0,False,77,False,False,0.5,,0.0,False,2026-02-09T15:00:00+00:00,137,True,True
2026-02-17T20:30:00+00:00,AMD,202.51,203.8,196.15,208.81,False,False,0.5,,0.0,False,77,False,False,0.5,,0.0,False,2026-02-09T15:00:00+00:00,138,True,True
2026-02-17T21:00:00+00:00,AMD,196.42,202.51,196.15,208.81,False,False,0.5,,0.0,False,77,False,False,0.5,,0.0,False,2026-02-09T15:00:00+00:00,139,True,True
2026-02-17T21:30:00+00:00,AMD,194.94,196.42,196.15,208.81,False,False,0.5,,0.0,False,77,False,False,0.5,,0.0,False,2026-02-09T15:00:00+00:00,140,True,True
2026-02-18T14:30:00+00:00,AMD,198.56,194.94,194.94,208.81,False,False,0.5,,0.0,False,77,False,False,0.5,,0.0,False,2026-02-09T15:00:00+00:00,141,True,True
2026-02-18T15:00:00+00:00,AMD,198.21,198.56,194.94,208.81,False,False,0.5,,0.0,False,77,False,False,0.5,,0.0,False,2026-02-09T15:00:00+00:00,142,True,True
2026-02-18T15:30:00+00:00,AMD,200.185,198.21,194.94,208.715,False,False,0.5,,0.0,False,77,False,False,0.5,,0.0,False,2026-02-09T15:00:00+00:00,143,True,True
2026-02-18T16:00:00+00:00,AMD,201.7,200.185,194.94,208.47,False,False,0.5,,0.0,False,77,False,False,0.5,,0.0,False,2026-02-09T15:00:00+00:00,144,True,True
2026-02-18T16:30:00+00:00,AMD,202.315,201.7,194.94,207.56,False,False,0.5,,0.0,False,77,False,False,0.5,,0.0,False,2026-02-09T15:00:00+00:00,145,True,True
2026-02-18T17:00:00+00:00,AMD,201.78,202.315,194.94,207.31,False,False,0.5,,0.0,False,77,False,False,0.5,,0.0,False,2026-02-09T15:00:00+00:00,146,True,True
2026-02-18T17:30:00+00:00,AMD,202.42,201.78,194.94,207.31,False,False,0.5,,0.0,False,77,False,False,0.5,,0.0,False,2026-02-09T15:00:00+00:00,147,True,True
2026-02-18T18:00:00+00:00,AMD,202.68,202.42,194.94,207.31,False,False,0.5,,0.0,False,77,False,False,0.5,,0.0,False,2026-02-09T15:00:00+00:00,148,True,True
2026-02-18T18:30:00+00:00,AMD,202.21,202.68,194.94,207.14,False,False,0.5,,0.0,False,77,False,False,0.5,,0.0,False,2026-02-09T15:00:00+00:00,149,True,True
2026-02-18T19:00:00+00:00,AMD,201.54,202.21,194.94,204.06,False,False,0.5,,0.0,False,77,False,False,0.5,,0.0,False,2026-02-09T15:00:00+00:00,150,True,True
2026-02-18T19:30:00+00:00,AMD,200.425,201.54,194.94,204.06,False,False,0.5,,0.0,False,77,False,False,0.5,,0.0,False,2026-02-09T15:00:00+00:00,151,True,True
2026-02-18T20:00:00+00:00,AMD,197.92,200.425,194.94,204.06,False,False,0.5,,0.0,False,77,False,False,0.5,,0.0,False,2026-02-09T15:00:00+00:00,152,True,True
2026-02-18T20:30:00+00:00,AMD,197.88,197.92,194.94,204.06,False,False,0.5,,0.0,False,77,False,False,0.5,,0.0,False,2026-02-09T15:00:00+00:00,153,True,True
2026-02-19T13:00:00+00:00,AMD,200.53,197.88,194.94,204.06,False,False,0.5,,0.0,False,77,False,False,0.5,,0.0,False,2026-02-09T15:00:00+00:00,154,True,True
2026-02-19T13:30:00+00:00,AMD,200.47,200.53,194.94,204.06,False,False,0.5,,0.0,False,77,False,False,0.5,,0.0,False,2026-02-09T15:00:00+00:00,155,True,True
2026-02-19T14:00:00+00:00,AMD,200.27,200.47,194.94,204.06,False,False,0.5,,0.0,False,77,False,False,0.5,,0.0,False,2026-02-09T15:00:00+00:00,156,True,True
2026-02-19T14:30:00+00:00,AMD,200.13,200.27,194.94,204.06,False,False,0.5,,0.0,False,77,False,False,0.5,,0.0,False,2026-02-09T15:00:00+00:00,157,True,True
2026-02-19T15:00:00+00:00,AMD,202.0,200.13,194.94,204.06,False,False,0.5,,0.0,False,77,False,False,0.5,,0.0,False,2026-02-09T15:00:00+00:00,158,True,True
2026-02-19T15:30:00+00:00,AMD,201.98,202.0,194.94,204.06,False,False,0.5,,0.0,False,77,False,False,0.5,,0.0,False,2026-02-09T15:00:00+00:00,159,True,True
2026-02-19T16:00:00+00:00,AMD,202.2,201.98,194.94,203.815,False,False,0.5,,0.0,False,77,False,False,0.5,,0.0,False,2026-02-09T15:00:00+00:00,160,True,True
2026-02-19T16:30:00+00:00,AMD,201.26,202.2,194.94,203.8,False,False,0.5,,0.0,False,77,False,False,0.5,,0.0,False,2026-02-09T15:00:00+00:00,161,True,True
2026-02-19T17:00:00+00:00,AMD,201.69,201.26,194.94,202.68,False,False,0.5,,0.0,False,77,False,False,0.5,,0.0,False,2026-02-09T15:00:00+00:00,162,True,True
2026-02-19T17:30:00+00:00,AMD,201.31,201.69,194.94,202.68,False,False,0.5,,0.0,False,77,False,False,0.5,,0.0,False,2026-02-09T15:00:00+00:00,163,True,True
2026-02-19T18:00:00+00:00,AMD,200.08,201.31,194.94,202.68,False,False,0.5,,0.0,False,77,False,False,0.5,,0.0,False,2026-02-09T15:00:00+00:00,164,True,True
2026-02-19T18:30:00+00:00,AMD,200.83,200.08,197.88,202.68,False,False,0.5,,0.0,False,77,False,False,0.5,,0.0,False,2026-02-09T15:00:00+00:00,165,True,True
2026-02-19T19:00:00+00:00,AMD,201.51,200.83,197.88,202.68,False,False,0.5,,0.0,False,77,False,False,0.5,,0.0,False,2026-02-09T15:00:00+00:00,166,True,True
2026-02-19T19:30:00+00:00,AMD,202.45,201.51,197.88,202.68,False,False,0.5,,0.0,False,77,False,False,0.5,,0.0,False,2026-02-09T15:00:00+00:00,167,True,True
2026-02-19T20:00:00+00:00,AMD,202.41,202.45,197.88,202.68,False,False,0.5,,0.0,False,77,False,False,0.5,,0.0,False,2026-02-09T15:00:00+00:00,168,True,True
2026-02-19T20:30:00+00:00,AMD,201.96,202.41,197.88,202.68,False,False,0.5,,0.0,False,77,False,False,0.5,,0.0,False,2026-02-09T15:00:00+00:00,169,True,True
2026-02-20T14:30:00+00:00,AMD,200.185,201.96,197.88,202.68,False,False,0.5,,0.0,False,77,False,False,0.5,,0.0,False,2026-02-09T15:00:00+00:00,170,True,True
2026-02-20T15:00:00+00:00,AMD,200.46,200.185,197.88,202.68,False,False,0.5,,0.0,False,77,False,False,0.5,,0.0,False,2026-02-09T15:00:00+00:00,171,True,True
2026-02-20T15:30:00+00:00,AMD,202.16,200.46,197.88,202.68,False,False,0.5,,0.0,False,77,False,False,0.5,,0.0,False,2026-02-09T15:00:00+00:00,172,True,True
2026-02-20T16:00:00+00:00,AMD,204.34,202.16,197.88,202.45,False,False,0.5,,0.0,False,77,False,False,0.5,,0.0,False,2026-02-09T15:00:00+00:00,173,True,True
2026-02-20T16:30:00+00:00,AMD,201.805,204.34,197.88,204.34,False,False,0.5,,0.0,False,77,False,False,0.5,,0.0,False,2026-02-09T15:00:00+00:00,174,True,True
2026-02-20T17:00:00+00:00,AMD,202.29,201.805,197.88,204.34,False,False,0.5,,0.0,False,77,False,False,0.5,,0.0,False,2026-02-09T15:00:00+00:00,175,True,True
2026-02-20T17:30:00+00:00,AMD,199.26,202.29,197.88,204.34,False,False,0.5,,0.0,False,77,False,False,0.5,,0.0,False,2026-02-09T15:00:00+00:00,176,True,True
2026-02-20T18:00:00+00:00,AMD,199.59,199.26,197.88,204.34,False,False,0.5,,0.0,False,77,False,False,0.5,,0.0,False,2026-02-09T15:00:00+00:00,177,True,True
2026-02-20T18:30:00+00:00,AMD,199.08,199.59,199.26,204.34,False,False,0.5,,0.0,False,77,False,False,0.5,,0.0,False,2026-02-09T15:00:00+00:00,178,True,True
2026-02-20T19:00:00+00:00,AMD,201.31,199.08,199.08,204.34,False,False,0.5,,0.0,False,77,False,False,0.5,,0.0,False,2026-02-09T15:00:00+00:00,179,True,True
2026-02-20T19:30:00+00:00,AMD,200.29,201.31,199.08,204.34,False,False,0.5,,0.0,False,77,False,False,0.5,,0.0,False,2026-02-09T15:00:00+00:00,180,True,True
2026-02-20T20:00:00+00:00,AMD,199.29,200.29,199.08,204.34,False,False,0.5,,0.0,False,77,False,False,0.5,,0.0,False,2026-02-09T15:00:00+00:00,181,True,True
2026-02-20T20:30:00+00:00,AMD,199.75,199.29,199.08,204.34,False,False,0.5,,0.0,False,77,False,False,0.5,,0.0,False,2026-02-09T15:00:00+00:00,182,True,True
2026-02-23T14:30:00+00:00,AMD,198.2,199.75,199.08,204.34,False,False,0.5,,0.0,False,77,False,False,0.5,,0.0,False,2026-02-09T15:00:00+00:00,183,True,True
2026-02-23T15:00:00+00:00,AMD,197.81,198.2,198.2,204.34,False,False,0.5,,0.0,False,77,False,False,0.5,,0.0,False,2026-02-09T15:00:00+00:00,184,True,True
2026-02-23T15:30:00+00:00,AMD,198.06,197.81,197.81,204.34,False,False,0.5,,0.0,False,77,False,False,0.5,,0.0,False,2026-02-09T15:00:00+00:00,185,True,True
2026-02-23T16:00:00+00:00,AMD,195.63,198.06,197.81,204.34,False,False,0.5,,0.0,False,77,False,False,0.5,,0.0,False,2026-02-09T15:00:00+00:00,186,True,True
2026-02-23T16:30:00+00:00,AMD,196.61,195.63,195.63,204.34,False,False,0.5,,0.0,False,77,False,False,0.5,,0.0,False,2026-02-09T15:00:00+00:00,187,True,True
2026-02-23T17:00:00+00:00,AMD,195.82,196.61,195.63,204.34,False,False,0.5,,0.0,False,77,False,False,0.5,,0.0,False,2026-02-09T15:00:00+00:00,188,True,True
2026-02-23T17:30:00+00:00,AMD,196.54,195.82,195.63,204.34,False,False,0.5,,0.0,False,77,False,False,0.5,,0.0,False,2026-02-09T15:00:00+00:00,189,True,True
2026-02-23T18:00:00+00:00,AMD,195.62,196.54,195.63,204.34,False,False,0.5,,0.0,False,77,False,False,0.5,,0.0,False,2026-02-09T15:00:00+00:00,190,True,True
2026-02-23T18:30:00+00:00,AMD,196.66,195.62,195.62,204.34,False,False,0.5,,0.0,False,77,False,False,0.5,,0.0,False,2026-02-09T15:00:00+00:00,191,True,True
2026-02-23T19:00:00+00:00,AMD,195.03,196.66,195.62,204.34,False,False,0.5,,0.0,False,77,False,False,0.5,,0.0,False,2026-02-09T15:00:00+00:00,192,True,True
2026-02-23T19:30:00+00:00,AMD,195.19,195.03,195.03,204.34,False,False,0.5,,0.0,False,77,False,False,0.5,,0.0,False,2026-02-09T15:00:00+00:00,193,True,True
2026-02-23T20:00:00+00:00,AMD,194.91,195.19,195.03,204.34,False,False,0.5,,0.0,False,77,False,False,0.5,,0.0,False,2026-02-09T15:00:00+00:00,194,True,True
2026-02-23T20:30:00+00:00,AMD,195.115,194.91,194.91,204.34,False,False,0.5,,0.0,False,77,False,False,0.5,,0.0,False,2026-02-09T15:00:00+00:00,195,True,True
2026-02-24T13:00:00+00:00,AMD,214.46,195.115,194.91,204.34,False,False,0.5,,0.0,False,77,False,False,0.5,,0.0,False,2026-02-09T15:00:00+00:00,196,True,True
2026-02-24T13:30:00+00:00,AMD,216.8,214.46,194.91,214.46,False,False,0.5,,0.0,False,77,False,False,0.5,,0.0,False,2026-02-09T15:00:00+00:00,197,True,True
2026-02-24T14:00:00+00:00,AMD,216.55,216.8,194.91,216.8,False,True,1.16514704,SELL,0.0,False,77,False,True,1.16514704,SELL,0.0,False,2026-02-09T15:00:00+00:00,198,True,True
2026-02-24T14:30:00+00:00,AMD,211.63,216.55,194.91,216.8,False,True,0.82111924,SELL,0.0,False,77,False,True,0.82111924,SELL,0.0,False,2026-02-09T15:00:00+00:00,199,True,True
2026-02-24T15:00:00+00:00,AMD,211.25,211.63,194.91,216.8,False,True,0.79922371,SELL,0.0,False,77,False,True,0.79922371,SELL,0.0,False,2026-02-09T15:00:00+00:00,200,True,True
2026-02-24T15:30:00+00:00,AMD,212.38,211.25,194.91,216.8,False,False,0.5,,0.0,False,77,False,False,0.5,,0.0,False,2026-02-09T15:00:00+00:00,201,True,True
2026-02-24T16:00:00+00:00,AMD,209.84,212.38,194.91,216.8,False,True,0.7229607,SELL,0.0,False,77,False,True,0.7229607,SELL,0.0,False,2026-02-09T15:00:00+00:00,202,True,True
2026-02-24T16:30:00+00:00,AMD,210.865,209.84,194.91,216.8,False,False,0.5,,0.0,False,77,False,False,0.5,,0.0,False,2026-02-09T15:00:00+00:00,203,True,True
2026-02-24T17:00:00+00:00,AMD,212.8,210.865,194.91,216.8,False,False,0.5,,0.0,False,77,False,False,0.5,,0.0,False,2026-02-09T15:00:00+00:00,204,True,True
2026-02-24T17:30:00+00:00,AMD,214.49,212.8,194.91,216.8,False,False,0.5,,0.0,False,77,False,False,0.5,,0.0,False,2026-02-09T15:00:00+00:00,205,True,True
2026-02-24T18:00:00+00:00,AMD,216.06,214.49,194.91,216.8,False,False,0.5,,0.0,False,77,False,False,0.5,,0.0,False,2026-02-09T15:00:00+00:00,206,True,True
2026-02-24T18:30:00+00:00,AMD,216.1,216.06,194.91,216.8,False,False,0.5,,0.0,False,77,False,False,0.5,,0.0,False,2026-02-09T15:00:00+00:00,207,True,True
2026-02-24T19:00:00+00:00,AMD,215.33,216.1,194.91,216.8,False,True,1.06830682,SELL,0.0,False,77,False,True,1.06830682,SELL,0.0,False,2026-02-09T15:00:00+00:00,208,True,True
2026-02-24T19:30:00+00:00,AMD,213.48,215.33,194.91,216.8,False,True,0.93659344,SELL,0.0,False,77,False,True,0.93659344,SELL,0.0,False,2026-02-09T15:00:00+00:00,209,True,True
2026-02-24T20:00:00+00:00,AMD,214.81,213.48,194.91,216.8,False,False,0.5,,0.0,False,77,False,False,0.5,,0.0,False,2026-02-09T15:00:00+00:00,210,True,True
2026-02-24T20:30:00+00:00,AMD,213.02,214.81,194.91,216.8,False,True,0.90644637,SELL,0.0,False,77,False,True,0.90644637,SELL,0.0,False,2026-02-09T15:00:00+00:00,211,True,True
2026-02-24T21:00:00+00:00,AMD,214.27,213.02,194.91,216.8,False,False,0.5,,0.0,False,77,False,False,0.5,,0.0,False,2026-02-09T15:00:00+00:00,212,True,True
2026-02-25T13:30:00+00:00,AMD,215.21,214.27,194.91,216.8,False,False,0.5,,0.0,False,77,False,False,0.5,,0.0,False,2026-02-09T15:00:00+00:00,213,True,True
2026-02-25T14:30:00+00:00,AMD,214.66,215.21,194.91,216.8,False,True,1.01859205,SELL,0.0,False,77,False,True,1.01859205,SELL,0.0,False,2026-02-09T15:00:00+00:00,214,True,True
2026-02-25T15:00:00+00:00,AMD,212.19,214.66,194.91,216.8,False,True,0.8544844,SELL,0.0,False,77,False,True,0.8544844,SELL,0.0,False,2026-02-09T15:00:00+00:00,215,True,True
2026-02-25T15:30:00+00:00,AMD,213.775,212.19,194.91,216.8,False,False,0.5,,0.0,False,77,False,False,0.5,,0.0,False,2026-02-09T15:00:00+00:00,216,True,True
2026-02-25T16:00:00+00:00,AMD,211.285,213.775,194.91,216.8,False,True,0.80121575,SELL,0.0,False,77,False,True,0.80121575,SELL,0.0,False,2026-02-09T15:00:00+00:00,217,True,True
2026-02-25T16:30:00+00:00,AMD,212.08,211.285,194.91,216.8,False,False,0.5,,0.0,False,77,False,False,0.5,,0.0,False,2026-02-09T15:00:00+00:00,218,True,True
2026-02-25T17:00:00+00:00,AMD,212.12,212.08,195.115,216.8,False,False,0.5,,0.0,False,77,False,False,0.5,,0.0,False,2026-02-09T15:00:00+00:00,219,True,True
2026-02-25T17:30:00+00:00,AMD,212.72,212.12,209.84,216.8,False,False,0.5,,0.0,False,77,False,False,0.5,,0.0,False,2026-02-09T15:00:00+00:00,220,True,True
2026-02-25T18:00:00+00:00,AMD,212.555,212.72,209.84,216.8,False,False,0.5,,0.0,False,77,False,False,0.5,,0.0,False,2026-02-09T15:00:00+00:00,221,True,True
2026-02-25T18:30:00+00:00,AMD,212.46,212.555,209.84,216.55,False,False,0.5,,0.0,False,77,False,False,0.5,,0.0,False,2026-02-09T15:00:00+00:00,222,True,True
2026-02-25T19:00:00+00:00,AMD,212.62,212.46,209.84,216.1,False,False,0.5,,0.0,False,77,False,False,0.5,,0.0,False,2026-02-09T15:00:00+00:00,223,True,True
2026-02-25T19:30:00+00:00,AMD,212.1,212.62,209.84,216.1,False,False,0.5,,0.0,False,77,False,False,0.5,,0.0,False,2026-02-09T15:00:00+00:00,224,True,True
2026-02-25T20:00:00+00:00,AMD,211.22,212.1,209.84,216.1,False,False,0.5,,0.0,False,77,False,False,0.5,,0.0,False,2026-02-09T15:00:00+00:00,225,True,True
2026-02-25T20:30:00+00:00,AMD,211.16,211.22,209.84,216.1,False,False,0.5,,0.0,False,77,False,False,0.5,,0.0,False,2026-02-09T15:00:00+00:00,226,True,True
2026-02-25T21:00:00+00:00,AMD,210.52,211.16,210.865,216.1,False,False,0.5,,0.0,False,77,False,False,0.5,,0.0,False,2026-02-09T15:00:00+00:00,227,True,True
2026-02-25T21:30:00+00:00,AMD,212.27,210.52,210.52,216.1,False,False,0.5,,0.0,False,77,False,False,0.5,,0.0,False,2026-02-09T15:00:00+00:00,228,True,True
2026-02-26T13:00:00+00:00,AMD,207.85,212.27,210.52,216.1,False,False,0.5,,0.0,False,77,False,False,0.5,,0.0,False,2026-02-09T15:00:00+00:00,229,True,True
2026-02-26T14:30:00+00:00,AMD,208.92,207.85,207.85,216.1,False,False,0.5,,0.0,False,77,False,False,0.5,,0.0,False,2026-02-09T15:00:00+00:00,230,True,True
2026-02-26T15:00:00+00:00,AMD,205.91,208.92,207.85,216.1,False,False,0.5,,0.0,False,77,False,False,0.5,,0.0,False,2026-02-09T15:00:00+00:00,231,True,True
2026-02-26T15:30:00+00:00,AMD,202.515,205.91,205.91,215.33,False,False,0.5,,0.0,False,77,False,False,0.5,,0.0,False,2026-02-09T15:00:00+00:00,232,True,True
2026-02-26T16:00:00+00:00,AMD,202.49,202.515,202.515,215.21,False,False,0.5,,0.0,False,77,False,False,0.5,,0.0,False,2026-02-09T15:00:00+00:00,233,True,True
2026-02-26T16:30:00+00:00,AMD,203.43,202.49,202.49,215.21,True,False,0.5339382,BUY,0.0,False,77,True,False,0.5339382,BUY,0.0,False,2026-02-09T15:00:00+00:00,234,True,True
2026-02-26T17:00:00+00:00,AMD,202.18,203.43,202.49,215.21,False,False,0.5,,0.0,False,77,False,False,0.5,,0.0,False,2026-02-09T15:00:00+00:00,235,True,True
2026-02-26T17:30:00+00:00,AMD,202.425,202.18,202.18,215.21,True,False,0.56964768,BUY,0.0,False,77,True,False,0.56964768,BUY,0.0,False,2026-02-09T15:00:00+00:00,236,True,True
2026-02-26T18:00:00+00:00,AMD,202.03,202.425,202.18,215.21,False,False,0.5,,0.0,False,77,False,False,0.5,,0.0,False,2026-02-09T15:00:00+00:00,237,True,True
2026-02-26T18:30:00+00:00,AMD,202.32,202.03,202.03,214.66,True,False,0.55467905,BUY,0.0,False,77,True,False,0.55467905,BUY,0.0,False,2026-02-09T15:00:00+00:00,238,True,True
2026-02-26T19:00:00+00:00,AMD,203.05,202.32,202.03,213.775,True,False,0.50117676,BUY,0.0,False,77,True,False,0.50117676,BUY,0.0,False,2026-02-09T15:00:00+00:00,239,True,True
2026-02-26T19:30:00+00:00,AMD,203.11,203.05,202.03,213.775,False,False,0.5,,0.0,False,77,False,False,0.5,,0.0,False,2026-02-09T15:00:00+00:00,240,True,True
2026-02-26T20:00:00+00:00,AMD,203.42,203.11,202.03,212.72,False,False,0.5,,0.0,False,77,False,False,0.5,,0.0,False,2026-02-09T15:00:00+00:00,241,True,True
2026-02-26T20:30:00+00:00,AMD,202.48,203.42,202.03,212.72,False,False,0.5,,0.0,False,77,False,False,0.5,,0.0,False,2026-02-09T15:00:00+00:00,242,True,True
2026-02-26T21:00:00+00:00,AMD,203.17,202.48,202.03,212.72,False,False,0.5,,0.0,False,77,False,False,0.5,,0.0,False,2026-02-09T15:00:00+00:00,243,True,True
2026-02-26T21:30:00+00:00,AMD,203.45,203.17,202.03,212.72,False,False,0.5,,0.0,False,77,False,False,0.5,,0.0,False,2026-02-09T15:00:00+00:00,244,True,True
2026-02-27T13:30:00+00:00,AMD,200.33,203.45,202.03,212.62,False,False,0.5,,0.0,False,77,False,False,0.5,,0.0,False,2026-02-09T15:00:00+00:00,245,True,True
2026-02-27T14:00:00+00:00,AMD,200.47,200.33,200.33,212.62,True,False,0.55205504,BUY,0.0,False,77,True,False,0.55205504,BUY,0.0,False,2026-02-09T15:00:00+00:00,246,True,True
2026-02-27T14:30:00+00:00,AMD,200.105,200.47,200.33,212.62,False,False,0.5,,0.0,False,77,False,False,0.5,,0.0,False,2026-02-09T15:00:00+00:00,247,True,True
2026-02-27T15:00:00+00:00,AMD,199.88,200.105,200.105,212.27,False,False,0.5,,0.0,False,77,False,False,0.5,,0.0,False,2026-02-09T15:00:00+00:00,248,True,True
2026-02-27T15:30:00+00:00,AMD,200.83,199.88,199.88,212.27,True,False,0.52773023,BUY,0.0,False,77,True,False,0.52773023,BUY,0.0,False,2026-02-09T15:00:00+00:00,249,True,True
2026-02-27T16:00:00+00:00,AMD,200.7,200.83,199.88,212.27,False,False,0.5,,0.0,False,77,False,False,0.5,,0.0,False,2026-02-09T15:00:00+00:00,250,True,True
2026-02-27T16:30:00+00:00,AMD,200.44,200.7,199.88,212.27,False,False,0.5,,0.0,False,77,False,False,0.5,,0.0,False,2026-02-09T15:00:00+00:00,251,True,True
2026-02-27T17:00:00+00:00,AMD,200.12,200.44,199.88,212.27,False,False,0.5,,0.0,False,77,False,False,0.5,,0.0,False,2026-02-09T15:00:00+00:00,252,True,True
2026-02-27T17:30:00+00:00,AMD,199.49,200.12,199.88,208.92,False,False,0.5,,0.0,False,77,False,False,0.5,,0.0,False,2026-02-09T15:00:00+00:00,253,True,True
2026-02-27T18:00:00+00:00,AMD,199.385,199.49,199.49,208.92,False,False,0.5,,0.0,False,77,False,False,0.5,,0.0,False,2026-02-09T15:00:00+00:00,254,True,True
2026-02-27T18:30:00+00:00,AMD,198.31,199.385,199.385,205.91,False,False,0.5,,0.0,False,77,False,False,0.5,,0.0,False,2026-02-09T15:00:00+00:00,255,True,True
2026-02-27T19:00:00+00:00,AMD,198.03,198.31,198.31,203.45,False,False,0.5,,0.0,False,77,False,False,0.5,,0.0,False,2026-02-09T15:00:00+00:00,256,True,True
2026-02-27T19:30:00+00:00,AMD,198.075,198.03,198.03,203.45,False,False,0.5,,0.0,False,77,False,False,0.5,,0.0,False,2026-02-09T15:00:00+00:00,257,True,True
2026-02-27T20:00:00+00:00,AMD,198.79,198.075,198.03,203.45,False,False,0.5,,0.0,False,77,False,False,0.5,,0.0,False,2026-02-09T15:00:00+00:00,258,True,True
2026-02-27T20:30:00+00:00,AMD,199.51,198.79,198.03,203.45,False,False,0.5,,0.0,False,77,False,False,0.5,,0.0,False,2026-02-09T15:00:00+00:00,259,True,True
2026-03-02T13:30:00+00:00,AMD,195.32,199.51,198.03,203.45,False,False,0.5,,0.0,False,77,False,False,0.5,,0.0,False,2026-02-09T15:00:00+00:00,260,True,True
2026-03-02T14:00:00+00:00,AMD,194.75,195.32,195.32,203.45,False,False,0.5,,0.0,False,77,False,False,0.5,,0.0,False,2026-02-09T15:00:00+00:00,261,True,True
2026-03-02T14:30:00+00:00,AMD,193.845,194.75,194.75,203.45,False,False,0.5,,0.0,False,77,False,False,0.5,,0.0,False,2026-02-09T15:00:00+00:00,262,True,True
2026-03-02T15:00:00+00:00,AMD,193.535,193.845,193.845,203.45,False,False,0.5,,0.0,False,77,False,False,0.5,,0.0,False,2026-02-09T15:00:00+00:00,263,True,True
2026-03-02T15:30:00+00:00,AMD,193.7,193.535,193.535,203.45,False,False,0.5,,0.0,False,77,False,False,0.5,,0.0,False,2026-02-09T15:00:00+00:00,264,True,True
2026-03-02T16:00:00+00:00,AMD,194.65,193.7,193.535,203.45,False,False,0.5,,0.0,False,77,False,False,0.5,,0.0,False,2026-02-09T15:00:00+00:00,265,True,True
2026-03-02T16:30:00+00:00,AMD,195.06,194.65,193.535,203.45,False,False,0.5,,0.0,False,77,False,False,0.5,,0.0,False,2026-02-09T15:00:00+00:00,266,True,True
2026-03-02T17:00:00+00:00,AMD,196.9,195.06,193.535,203.45,False,False,0.5,,0.0,False,77,False,False,0.5,,0.0,False,2026-02-09T15:00:00+00:00,267,True,True
2026-03-02T17:30:00+00:00,AMD,197.64,196.9,193.535,203.45,False,False,0.5,,0.0,False,77,False,False,0.5,,0.0,False,2026-02-09T15:00:00+00:00,268,True,True
2026-03-02T18:00:00+00:00,AMD,197.21,197.64,193.535,200.83,False,False,0.5,,0.0,False,77,False,False,0.5,,0.0,False,2026-02-09T15:00:00+00:00,269,True,True
2026-03-02T18:30:00+00:00,AMD,196.74,197.21,193.535,200.83,False,False,0.5,,0.0,False,77,False,False,0.5,,0.0,False,2026-02-09T15:00:00+00:00,270,True,True
2026-03-02T19:00:00+00:00,AMD,196.5,196.74,193.535,200.83,False,False,0.5,,0.0,False,77,False,False,0.5,,0.0,False,2026-02-09T15:00:00+00:00,271,True,True
2026-03-02T19:30:00+00:00,AMD,197.38,196.5,193.535,200.83,False,False,0.5,,0.0,False,77,False,False,0.5,,0.0,False,2026-02-09T15:00:00+00:00,272,True,True
2026-03-02T20:00:00+00:00,AMD,198.09,197.38,193.535,200.83,False,False,0.5,,0.0,False,77,False,False,0.5,,0.0,False,2026-02-09T15:00:00+00:00,273,True,True
2026-03-02T20:30:00+00:00,AMD,196.76,198.09,193.535,200.7,False,False,0.5,,0.0,False,77,False,False,0.5,,0.0,False,2026-02-09T15:00:00+00:00,274,True,True
2026-03-02T21:00:00+00:00,AMD,198.16,196.76,193.535,200.44,False,False,0.5,,0.0,False,77,False,False,0.5,,0.0,False,2026-02-09T15:00:00+00:00,275,True,True
2026-03-03T13:30:00+00:00,AMD,190.87,198.16,193.535,200.12,False,False,0.5,,0.0,False,77,False,False,0.5,,0.0,False,2026-02-09T15:00:00+00:00,276,True,True
2026-03-03T14:00:00+00:00,AMD,190.97,190.87,190.87,199.51,False,False,0.5,,0.0,False,77,False,False,0.5,,0.0,False,2026-02-09T15:00:00+00:00,277,True,True
2026-03-03T14:30:00+00:00,AMD,191.51,190.97,190.87,199.51,False,False,0.5,,0.0,False,77,False,False,0.5,,0.0,False,2026-02-09T15:00:00+00:00,278,True,True
2026-03-03T15:00:00+00:00,AMD,190.34,191.51,190.87,199.51,False,False,0.5,,0.0,False,77,False,False,0.5,,0.0,False,2026-02-09T15:00:00+00:00,279,True,True
2026-03-03T15:30:00+00:00,AMD,188.71,190.34,190.34,199.51,False,False,0.5,,0.0,False,77,False,False,0.5,,0.0,False,2026-02-09T15:00:00+00:00,280,True,True
2026-03-03T16:00:00+00:00,AMD,189.22,188.71,188.71,199.51,True,False,0.51104677,BUY,0.0,False,77,True,False,0.51104677,BUY,0.0,False,2026-02-09T15:00:00+00:00,281,True,True
2026-03-03T16:30:00+00:00,AMD,190.94,189.22,188.71,199.51,False,False,0.5,,0.0,False,77,False,False,0.5,,0.0,False,2026-02-09T15:00:00+00:00,282,True,True
2026-03-03T17:00:00+00:00,AMD,190.99,190.94,188.71,199.51,False,False,0.5,,0.0,False,77,False,False,0.5,,0.0,False,2026-02-09T15:00:00+00:00,283,True,True
2026-03-03T17:30:00+00:00,AMD,191.4,190.99,188.71,198.16,False,False,0.5,,0.0,False,77,False,False,0.5,,0.0,False,2026-02-09T15:00:00+00:00,284,True,True
2026-03-03T18:00:00+00:00,AMD,191.11,191.4,188.71,198.16,False,False,0.5,,0.0,False,77,False,False,0.5,,0.0,False,2026-02-09T15:00:00+00:00,285,True,True
2026-03-03T18:30:00+00:00,AMD,191.48,191.11,188.71,198.16,False,False,0.5,,0.0,False,77,False,False,0.5,,0.0,False,2026-02-09T15:00:00+00:00,286,True,True
2026-03-03T19:00:00+00:00,AMD,191.985,191.48,188.71,198.16,False,False,0.5,,0.0,False,77,False,False,0.5,,0.0,False,2026-02-09T15:00:00+00:00,287,True,True
2026-03-03T19:30:00+00:00,AMD,191.39,191.985,188.71,198.16,False,False,0.5,,0.0,False,77,False,False,0.5,,0.0,False,2026-02-09T15:00:00+00:00,288,True,True
2026-03-03T20:00:00+00:00,AMD,191.68,191.39,188.71,198.16,False,False,0.5,,0.0,False,77,False,False,0.5,,0.0,False,2026-02-09T15:00:00+00:00,289,True,True
2026-03-03T20:30:00+00:00,AMD,191.23,191.68,188.71,198.16,False,False,0.5,,0.0,False,77,False,False,0.5,,0.0,False,2026-02-09T15:00:00+00:00,290,True,True
2026-03-03T21:00:00+00:00,AMD,190.66,191.23,188.71,198.16,False,False,0.5,,0.0,False,77,False,False,0.5,,0.0,False,2026-02-09T15:00:00+00:00,291,True,True
2026-03-04T13:30:00+00:00,AMD,194.09,190.66,188.71,198.16,False,False,0.5,,0.0,False,77,False,False,0.5,,0.0,False,2026-02-09T15:00:00+00:00,292,True,True
2026-03-04T14:00:00+00:00,AMD,193.75,194.09,188.71,198.16,False,False,0.5,,0.0,False,77,False,False,0.5,,0.0,False,2026-02-09T15:00:00+00:00,293,True,True
2026-03-04T14:30:00+00:00,AMD,192.295,193.75,188.71,198.16,False,False,0.5,,0.0,False,77,False,False,0.5,,0.0,False,2026-02-09T15:00:00+00:00,294,True,True
2026-02-03T18:30:00+00:00,NVDA,179.17,178.86,178.86,189.99,True,False,0.55057359,BUY,1.0,True,24,True,False,0.55057359,BUY,1.0,True,2026-02-03T18:00:00+00:00,1,True,True
2026-02-03T19:00:00+00:00,NVDA,178.41,179.17,178.86,179.17,False,False,0.5,,0.0,False,24,False,False,0.5,,0.0,False,2026-02-03T18:00:00+00:00,24,True,True
2026-02-03T19:30:00+00:00,NVDA,178.665,178.41,178.41,179.17,False,False,0.5,,0.0,False,24,False,False,0.5,,0.0,False,2026-02-03T18:00:00+00:00,24,True,True
2026-02-03T20:00:00+00:00,NVDA,177.865,178.665,178.41,179.17,False,False,0.5,,0.0,False,24,False,False,0.5,,0.0,False,2026-02-03T18:00:00+00:00,24,True,True
2026-02-03T20:30:00+00:00,NVDA,178.69,177.865,177.865,179.17,False,False,0.5,,0.0,False,24,False,False,0.5,,0.0,False,2026-02-03T18:00:00+00:00,24,True,True
2026-02-03T21:00:00+00:00,NVDA,180.4,178.69,177.865,179.17,False,False,0.5,,0.0,False,24,False,False,0.5,,0.0,False,2026-02-03T18:00:00+00:00,24,True,True
2026-02-04T13:00:00+00:00,NVDA,180.53,180.4,177.865,180.4,False,False,0.5,,0.0,False,24,False,False,0.5,,0.0,False,2026-02-03T18:00:00+00:00,24,True,True
2026-02-04T14:30:00+00:00,NVDA,179.43,180.53,177.865,180.53,False,False,0.5,,0.0,False,24,False,False,0.5,,0.0,False,2026-02-03T18:00:00+00:00,24,True,True
2026-02-04T15:00:00+00:00,NVDA,177.7,179.43,177.865,180.53,False,False,0.5,,0.0,False,24,False,False,0.5,,0.0,False,2026-02-03T18:00:00+00:00,24,True,True
2026-02-04T15:30:00+00:00,NVDA,177.28,177.7,177.7,180.53,False,False,0.5,,0.0,False,24,False,False,0.5,,0.0,False,2026-02-03T18:00:00+00:00,24,True,True
2026-02-04T16:00:00+00:00,NVDA,175.91,177.28,177.28,180.53,False,False,0.5,,0.0,False,24,False,False,0.5,,0.0,False,2026-02-03T18:00:00+00:00,24,True,True
2026-02-04T16:30:00+00:00,NVDA,175.25,175.91,175.91,180.53,False,False,0.5,,0.0,False,24,False,False,0.5,,0.0,False,2026-02-03T18:00:00+00:00,24,True,True
2026-02-04T17:00:00+00:00,NVDA,174.65,175.25,175.25,180.53,False,False,0.5,,0.0,False,24,False,False,0.5,,0.0,False,2026-02-03T18:00:00+00:00,24,True,True
2026-02-04T17:30:00+00:00,NVDA,173.355,174.65,174.65,180.53,False,False,0.5,,0.0,False,24,False,False,0.5,,0.0,False,2026-02-03T18:00:00+00:00,24,True,True
2026-02-04T18:00:00+00:00,NVDA,173.295,173.355,173.355,180.53,False,False,0.5,,0.0,False,24,False,False,0.5,,0.0,False,2026-02-03T18:00:00+00:00,24,True,True
2026-02-04T18:30:00+00:00,NVDA,174.12,173.295,173.295,180.53,False,False,0.5,,0.0,False,24,False,False,0.5,,0.0,False,2026-02-03T18:00:00+00:00,24,True,True
2026-02-04T19:00:00+00:00,NVDA,174.11,174.12,173.295,180.53,False,False,0.5,,0.0,False,24,False,False,0.5,,0.0,False,2026-02-03T18:00:00+00:00,24,True,True
2026-02-04T19:30:00+00:00,NVDA,174.975,174.11,173.295,180.53,False,False,0.5,,0.0,False,24,False,False,0.5,,0.0,False,2026-02-03T18:00:00+00:00,24,True,True
2026-02-04T20:00:00+00:00,NVDA,175.93,174.975,173.295,180.53,False,False,0.5,,0.0,False,24,False,False,0.5,,0.0,False,2026-02-03T18:00:00+00:00,24,True,True
2026-02-04T20:30:00+00:00,NVDA,175.285,175.93,173.295,180.53,False,False,0.5,,0.0,False,24,False,False,0.5,,0.0,False,2026-02-03T18:00:00+00:00,24,True,True
2026-02-04T21:00:00+00:00,NVDA,176.56,175.285,173.295,180.53,False,False,0.5,,0.0,False,24,False,False,0.5,,0.0,False,2026-02-03T18:00:00+00:00,24,True,True
2026-02-05T13:00:00+00:00,NVDA,174.8,176.56,173.295,180.53,False,False,0.5,,0.0,False,24,False,False,0.5,,0.0,False,2026-02-03T18:00:00+00:00,24,True,True
2026-02-05T13:30:00+00:00,NVDA,174.0,174.8,173.295,180.53,False,False,0.5,,0.0,False,24,False,False,0.5,,0.0,False,2026-02-03T18:00:00+00:00,24,True,True
2026-02-05T14:00:00+00:00,NVDA,173.91,174.0,173.295,180.53,False,False,0.5,,0.0,False,24,False,False,0.5,,0.0,False,2026-02-03T18:00:00+00:00,24,True,True
2026-02-05T14:30:00+00:00,NVDA,174.87,173.91,173.295,180.53,False,False,0.5,,0.0,False,24,False,False,0.5,,0.0,False,2026-02-03T18:00:00+00:00,25,True,True
2026-02-05T15:00:00+00:00,NVDA,173.93,174.87,173.295,180.53,False,False,0.5,,0.0,False,24,False,False,0.5,,0.0,False,2026-02-03T18:00:00+00:00,26,True,True
2026-02-05T15:30:00+00:00,NVDA,171.66,173.93,173.295,180.53,False,False,0.5,,0.0,False,24,False,False,0.5,,0.0,False,2026-02-03T18:00:00+00:00,27,True,True
2026-02-05T16:00:00+00:00,NVDA,173.205,171.66,171.66,180.53,False,False,0.5,,0.0,False,24,False,False,0.5,,0.0,False,2026-02-03T18:00:00+00:00,28,True,True
2026-02-05T16:30:00+00:00,NVDA,174.27,173.205,171.66,180.53,False,False,0.5,,0.0,False,24,False,False,0.5,,0.0,False,2026-02-03T18:00:00+00:00,29,True,True
2026-02-05T17:00:00+00:00,NVDA,175.205,174.27,171.66,180.53,False,False,0.5,,0.0,False,24,False,False,0.5,,0.0,False,2026-02-03T18:00:00+00:00,30,True,True
2026-02-05T17:30:00+00:00,NVDA,175.27,175.205,171.66,180.53,False,False,0.5,,0.0,False,24,False,False,0.5,,0.0,False,2026-02-03T18:00:00+00:00,31,True,True
2026-02-05T18:00:00+00:00,NVDA,174.99,175.27,171.66,179.43,False,False,0.5,,0.0,False,24,False,False,0.5,,0.0,False,2026-02-03T18:00:00+00:00,32,True,True
2026-02-05T18:30:00+00:00,NVDA,174.37,174.99,171.66,177.7,False,False,0.5,,0.0,False,24,False,False,0.5,,0.0,False,2026-02-03T18:00:00+00:00,33,True,True
2026-02-05T19:00:00+00:00,NVDA,173.18,174.37,171.66,177.28,False,False,0.5,,0.0,False,24,False,False,0.5,,0.0,False,2026-02-03T18:00:00+00:00,34,True,True
2026-02-05T19:30:00+00:00,NVDA,173.64,173.18,171.66,176.56,False,False,0.5,,0.0,False,24,False,False,0.5,,0.0,False,2026-02-03T18:00:00+00:00,35,True,True
2026-02-05T20:00:00+00:00,NVDA,173.18,173.64,171.66,176.56,False,False,0.5,,0.0,False,24,False,False,0.5,,0.0,False,2026-02-03T18:00:00+00:00,36,True,True
2026-02-05T20:30:00+00:00,NVDA,172.26,173.18,171.66,176.56,False,False,0.5,,0.0,False,24,False,False,0.5,,0.0,False,2026-02-03T18:00:00+00:00,37,True,True
2026-02-05T21:00:00+00:00,NVDA,172.31,172.26,171.66,176.56,False,False,0.5,,0.0,False,24,False,False,0.5,,0.0,False,2026-02-03T18:00:00+00:00,38,True,True
2026-02-05T21:30:00+00:00,NVDA,170.39,172.31,171.66,176.56,False,False,0.5,,0.0,False,24,False,False,0.5,,0.0,False,2026-02-03T18:00:00+00:00,39,True,True
2026-02-06T13:00:00+00:00,NVDA,176.36,170.39,170.39,176.56,False,False,0.5,,0.0,False,24,False,False,0.5,,0.0,False,2026-02-03T18:00:00+00:00,40,True,True
2026-02-06T13:30:00+00:00,NVDA,177.03,176.36,170.39,176.56,False,False,0.5,,0.0,False,24,False,False,0.5,,0.0,False,2026-02-03T18:00:00+00:00,41,True,True
2026-02-06T14:30:00+00:00,NVDA,176.55,177.03,170.39,177.03,False,False,0.5,,0.0,False,24,False,False,0.5,,0.0,False,2026-02-03T18:00:00+00:00,42,True,True
2026-02-06T15:00:00+00:00,NVDA,180.46,176.55,170.39,177.03,False,False,0.5,,0.0,False,24,False,False,0.5,,0.0,False,2026-02-03T18:00:00+00:00,43,True,True
2026-02-06T15:30:00+00:00,NVDA,182.61,180.46,170.39,180.46,False,False,0.5,,0.0,False,24,False,False,0.5,,0.0,False,2026-02-03T18:00:00+00:00,44,True,True
2026-02-06T16:00:00+00:00,NVDA,182.845,182.61,170.39,182.61,False,False,0.5,,0.0,False,24,False,False,0.5,,0.0,False,2026-02-03T18:00:00+00:00,45,True,True
2026-02-06T16:30:00+00:00,NVDA,183.965,182.845,170.39,182.845,False,False,0.5,,0.0,False,24,False,False,0.5,,0.0,False,2026-02-03T18:00:00+00:00,46,True,True
2026-02-06T17:00:00+00:00,NVDA,183.285,183.965,170.39,183.965,False,True,0.71379736,SELL,0.0,False,24,False,True,0.71379736,SELL,0.0,False,2026-02-03T18:00:00+00:00,47,True,True
2026-02-06T17:30:00+00:00,NVDA,184.53,183.285,170.39,183.965,False,False,0.5,,0.0,False,24,False,False,0.5,,0.0,False,2026-02-03T18:00:00+00:00,48,True,True
2026-02-06T18:00:00+00:00,NVDA,184.49,184.53,170.39,184.53,False,True,0.78732255,SELL,0.0,False,24,False,True,0.78732255,SELL,0.0,False,2026-02-03T18:00:00+00:00,49,True,True
2026-02-06T18:30:00+00:00,NVDA,184.525,184.49,170.39,184.53,False,False,0.5,,0.0,False,24,False,False,0.5,,0.0,False,2026-02-03T18:00:00+00:00,50,True,True
2026-02-06T19:00:00+00:00,NVDA,184.57,184.525,170.39,184.53,False,False,0.5,,0.0,False,24,False,False,0.5,,0.0,False,2026-02-03T18:00:00+00:00,51,True,True
2026-02-06T19:30:00+00:00,NVDA,184.42,184.57,170.39,184.57,False,True,0.78285133,SELL,0.0,False,24,False,True,0.78285133,SELL,0.0,False,2026-02-03T18:00:00+00:00,52,True,True
2026-02-06T20:00:00+00:00,NVDA,184.99,184.42,170.39,184.57,False,False,0.5,,0.0,False,24,False,False,0.5,,0.0,False,2026-02-03T18:00:00+00:00,53,True,True
2026-02-06T20:30:00+00:00,NVDA,185.3,184.99,170.39,184.99,False,False,0.5,,0.0,False,24,False,False,0.5,,0.0,False,2026-02-03T18:00:00+00:00,54,True,True
2026-02-06T21:00:00+00:00,NVDA,185.33,185.3,170.39,185.3,False,False,0.5,,0.0,False,24,False,False,0.5,,0.0,False,2026-02-03T18:00:00+00:00,55,True,True
2026-02-06T21:30:00+00:00,NVDA,185.45,185.33,170.39,185.33,False,False,0.5,,0.0,False,24,False,False,0.5,,0.0,False,2026-02-03T18:00:00+00:00,56,True,True
2026-02-09T13:00:00+00:00,NVDA,185.0,185.45,170.39,185.45,False,True,0.82067868,SELL,0.0,False,24,False,True,0.82067868,SELL,0.0,False,2026-02-03T18:00:00+00:00,57,True,True
2026-02-09T13:30:00+00:00,NVDA,184.69,185.0,170.39,185.45,False,True,0.80023867,SELL,0.0,False,24,False,True,0.80023867,SELL,0.0,False,2026-02-03T18:00:00+00:00,58,True,True
2026-02-09T14:00:00+00:00,NVDA,184.16,184.69,170.39,185.45,False,True,0.76646512,SELL,0.0,False,24,False,True,0.76646512,SELL,0.0,False,2026-02-03T18:00:00+00:00,59,True,True
2026-02-09T14:30:00+00:00,NVDA,184.29,184.16,170.39,185.45,False,False,0.5,,0.0,False,24,False,False,0.5,,0.0,False,2026-02-03T18:00:00+00:00,60,True,True
2026-02-09T15:00:00+00:00,NVDA,191.15,184.29,170.39,185.45,False,False,0.5,,0.0,False,24,False,False,0.5,,0.0,False,2026-02-03T18:00:00+00:00,61,True,True
2026-02-09T15:30:00+00:00,NVDA,190.725,191.15,170.39,191.15,False,True,1.30756001,SELL,0.0,False,24,False,True,1.30756001,SELL,0.0,False,2026-02-03T18:00:00+00:00,62,True,True
2026-02-09T16:00:00+00:00,NVDA,191.93,190.725,170.39,191.15,False,False,0.5,,0.0,False,24,False,False,0.5,,0.0,False,2026-02-03T18:00:00+00:00,63,True,True
2026-02-09T16:30:00+00:00,NVDA,191.78,191.93,176.36,191.93,False,True,0.84013662,SELL,0.0,False,24,False,True,0.84013662,SELL,0.0,False,2026-02-03T18:00:00+00:00,64,True,True
2026-02-09T17:00:00+00:00,NVDA,191.475,191.78,176.55,191.93,False,True,0.80705515,SELL,0.0,False,24,False,True,0.80705515,SELL,0.0,False,2026-02-03T18:00:00+00:00,65,True,True
2026-02-09T17:30:00+00:00,NVDA,191.615,191.475,176.55,191.93,False,False,0.5,,0.0,False,24,False,False,0.5,,0.0,False,2026-02-03T18:00:00+00:00,66,True,True
2026-02-09T18:00:00+00:00,NVDA,191.43,191.615,180.46,191.93,False,True,0.58066657,SELL,0.0,False,24,False,True,0.58066657,SELL,0.0,False,2026-02-03T18:00:00+00:00,67,True,True
2026-02-09T18:30:00+00:00,NVDA,190.98,191.43,182.61,191.93,False,False,0.5,,0.0,False,24,False,False,0.5,,0.0,False,2026-02-03T18:00:00+00:00,68,True,True
2026-02-09T19:00:00+00:00,NVDA,190.735,190.98,182.845,191.93,False,False,0.5,,0.0,False,24,False,False,0.5,,0.0,False,2026-02-03T18:00:00+00:00,69,True,True
2026-02-09T19:30:00+00:00,NVDA,191.0,190.735,183.285,191.93,False,False,0.5,,0.0,False,24,False,False,0.5,,0.0,False,2026-02-03T18:00:00+00:00,70,True,True
2026-02-09T20:00:00+00:00,NVDA,190.895,191.0,183.285,191.93,False,False,0.5,,0.0,False,24,False,False,0.5,,0.0,False,2026-02-03T18:00:00+00:00,71,True,True
2026-02-09T20:30:00+00:00,NVDA,189.84,190.895,184.16,191.93,False,False,0.5,,0.0,False,24,False,False,0.5,,0.0,False,2026-02-03T18:00:00+00:00,72,True,True
2026-02-09T21:00:00+00:00,NVDA,189.86,189.84,184.16,191.93,False,False,0.5,,0.0,False,24,False,False,0.5,,0.0,False,2026-02-03T18:00:00+00:00,73,True,True
2026-02-10T13:00:00+00:00,NVDA,191.38,189.86,184.16,191.93,False,False,0.5,,0.0,False,24,False,False,0.5,,0.0,False,2026-02-03T18:00:00+00:00,74,True,True
2026-02-10T13:30:00+00:00,NVDA,190.85,191.38,184.16,191.93,False,False,0.5,,0.0,False,24,False,False,0.5,,0.0,False,2026-02-03T18:00:00+00:00,75,True,True
2026-02-10T14:00:00+00:00,NVDA,191.54,190.85,184.16,191.93,False,False,0.5,,0.0,False,24,False,False,0.5,,0.0,False,2026-02-03T18:00:00+00:00,76,True,True
2026-02-10T14:30:00+00:00,NVDA,191.375,191.54,184.16,191.93,False,False,0.5,,0.0,False,24,False,False,0.5,,0.0,False,2026-02-03T18:00:00+00:00,77,True,True
2026-02-10T15:00:00+00:00,NVDA,189.3,191.375,184.16,191.93,False,False,0.5,,0.0,False,24,False,False,0.5,,0.0,False,2026-02-03T18:00:00+00:00,78,True,True
2026-02-10T15:30:00+00:00,NVDA,189.16,189.3,184.16,191.93,False,False,0.5,,0.0,False,24,False,False,0.5,,0.0,False,2026-02-03T18:00:00+00:00,79,True,True
2026-02-10T16:00:00+00:00,NVDA,190.05,189.16,184.16,191.93,False,False,0.5,,0.0,False,24,False,False,0.5,,0.0,False,2026-02-03T18:00:00+00:00,80,True,True
2026-02-10T16:30:00+00:00,NVDA,189.08,190.05,184.16,191.93,False,False,0.5,,0.0,False,24,False,False,0.5,,0.0,False,2026-02-03T18:00:00+00:00,81,True,True
2026-02-10T17:00:00+00:00,NVDA,189.24,189.08,184.16,191.93,False,False,0.5,,0.0,False,24,False,False,0.5,,0.0,False,2026-02-03T18:00:00+00:00,82,True,True
2026-02-10T17:30:00+00:00,NVDA,189.665,189.24,184.16,191.93,False,False,0.5,,0.0,False,24,False,False,0.5,,0.0,False,2026-02-03T18:00:00+00:00,83,True,True
2026-02-10T18:00:00+00:00,NVDA,190.24,189.665,184.29,191.93,False,False,0.5,,0.0,False,24,False,False,0.5,,0.0,False,2026-02-03T18:00:00+00:00,84,True,True
2026-02-10T18:30:00+00:00,NVDA,189.245,190.24,189.08,191.93,False,False,0.5,,0.0,False,24,False,False,0.5,,0.0,False,2026-02-03T18:00:00+00:00,85,True,True
2026-02-10T19:00:00+00:00,NVDA,189.48,189.245,189.08,191.93,False,False,0.5,,0.0,False,24,False,False,0.5,,0.0,False,2026-02-03T18:00:00+00:00,86,True,True
2026-02-10T19:30:00+00:00,NVDA,189.23,189.48,189.08,191.93,False,False,0.5,,0.0,False,24,False,False,0.5,,0.0,False,2026-02-03T18:00:00+00:00,87,True,True
2026-02-10T20:00:00+00:00,NVDA,189.015,189.23,189.08,191.78,False,False,0.5,,0.0,False,24,False,False,0.5,,0.0,False,2026-02-03T18:00:00+00:00,88,True,True
2026-02-10T20:30:00+00:00,NVDA,189.08,189.015,189.015,191.615,False,False,0.5,,0.0,False,24,False,False,0.5,,0.0,False,2026-02-03T18:00:00+00:00,89,True,True
2026-02-11T13:00:00+00:00,NVDA,189.7,189.08,189.015,191.615,False,False,0.5,,0.0,False,24,False,False,0.5,,0.0,False,2026-02-03T18:00:00+00:00,90,True,True
2026-02-11T13:30:00+00:00,NVDA,190.97,189.7,189.015,191.54,False,False,0.5,,0.0,False,24,False,False,0.5,,0.0,False,2026-02-03T18:00:00+00:00,91,True,True
2026-02-11T14:30:00+00:00,NVDA,192.31,190.97,189.015,191.54,False,False,0.5,,0.0,False,24,False,False,0.5,,0.0,False,2026-02-03T18:00:00+00:00,92,True,True
2026-02-11T15:00:00+00:00,NVDA,191.17,192.31,189.015,192.31,False,False,0.5,,0.0,False,24,False,False,0.5,,0.0,False,2026-02-03T18:00:00+00:00,93,True,True
2026-02-11T15:30:00+00:00,NVDA,188.895,191.17,189.015,192.31,False,False,0.5,,0.0,False,24,False,False,0.5,,0.0,False,2026-02-03T18:00:00+00:00,94,True,True
2026-02-11T16:00:00+00:00,NVDA,191.6,188.895,188.895,192.31,False,False,0.5,,0.0,False,24,False,False,0.5,,0.0,False,2026-02-03T18:00:00+00:00,95,True,True
2026-02-11T16:30:00+00:00,NVDA,191.26,191.6,188.895,192.31,False,False,0.5,,0.0,False,24,False,False,0.5,,0.0,False,2026-02-03T18:00:00+00:00,96,True,True
2026-02-11T17:00:00+00:00,NVDA,190.955,191.26,188.895,192.31,False,False,0.5,,0.0,False,24,False,False,0.5,,0.0,False,2026-02-03T18:00:00+00:00,97,True,True
2026-02-11T17:30:00+00:00,NVDA,191.945,190.955,188.895,192.31,False,False,0.5,,0.0,False,24,False,False,0.5,,0.0,False,2026-02-03T18:00:00+00:00,98,True,True
2026-02-11T18:00:00+00:00,NVDA,191.84,191.945,188.895,192.31,False,False,0.5,,0.0,False,24,False,False,0.5,,0.0,False,2026-02-03T18:00:00+00:00,99,True,True
2026-02-11T18:30:00+00:00,NVDA,191.45,191.84,188.895,192.31,False,False,0.5,,0.0,False,24,False,False,0.5,,0.0,False,2026-02-03T18:00:00+00:00,100,True,True
2026-02-11T19:00:00+00:00,NVDA,191.77,191.45,188.895,192.31,False,False,0.5,,0.0,False,24,False,False,0.5,,0.0,False,2026-02-03T18:00:00+00:00,101,True,True
2026-02-11T19:30:00+00:00,NVDA,192.035,191.77,188.895,192.31,False,False,0.5,,0.0,False,24,False,False,0.5,,0.0,False,2026-02-03T18:00:00+00:00,102,True,True
2026-02-11T20:00:00+00:00,NVDA,191.515,192.035,188.895,192.31,False,False,0.5,,0.0,False,24,False,False,0.5,,0.0,False,2026-02-03T18:00:00+00:00,103,True,True
2026-02-11T20:30:00+00:00,NVDA,191.05,191.515,188.895,192.31,False,False,0.5,,0.0,False,24,False,False,0.5,,0.0,False,2026-02-03T18:00:00+00:00,104,True,True
2026-02-11T21:00:00+00:00,NVDA,189.85,191.05,188.895,192.31,False,False,0.5,,0.0,False,24,False,False,0.5,,0.0,False,2026-02-03T18:00:00+00:00,105,True,True
2026-02-11T21:30:00+00:00,NVDA,190.3,189.85,188.895,192.31,False,False,0.5,,0.0,False,24,False,False,0.5,,0.0,False,2026-02-03T18:00:00+00:00,106,True,True
2026-02-12T13:00:00+00:00,NVDA,191.96,190.3,188.895,192.31,False,False,0.5,,0.0,False,24,False,False,0.5,,0.0,False,2026-02-03T18:00:00+00:00,107,True,True
2026-02-12T13:30:00+00:00,NVDA,192.35,191.96,188.895,192.31,False,False,0.5,,0.0,False,24,False,False,0.5,,0.0,False,2026-02-03T18:00:00+00:00,108,True,True
2026-02-12T14:00:00+00:00,NVDA,192.32,192.35,188.895,192.35,False,False,0.5,,0.0,False,24,False,False,0.5,,0.0,False,2026-02-03T18:00:00+00:00,109,True,True
2026-02-12T14:30:00+00:00,NVDA,192.98,192.32,188.895,192.35,False,False,0.5,,0.0,False,24,False,False,0.5,,0.0,False,2026-02-03T18:00:00+00:00,110,True,True
2026-02-12T15:00:00+00:00,NVDA,191.43,192.98,188.895,192.98,False,False,0.5,,0.0,False,24,False,False,0.5,,0.0,False,2026-02-03T18:00:00+00:00,111,True,True
2026-02-12T15:30:00+00:00,NVDA,191.7,191.43,188.895,192.98,False,False,0.5,,0.0,False,24,False,False,0.5,,0.0,False,2026-02-03T18:00:00+00:00,112,True,True
2026-02-12T16:00:00+00:00,NVDA,189.24,191.7,188.895,192.98,False,False,0.5,,0.0,False,24,False,False,0.5,,0.0,False,2026-02-03T18:00:00+00:00,113,True,True
2026-02-12T16:30:00+00:00,NVDA,187.34,189.24,188.895,192.98,False,False,0.5,,0.0,False,24,False,False,0.5,,0.0,False,2026-02-03T18:00:00+00:00,114,True,True
2026-02-12T17:00:00+00:00,NVDA,189.26,187.34,187.34,192.98,False,False,0.5,,0.0,False,24,False,False,0.5,,0.0,False,2026-02-03T18:00:00+00:00,115,True,True
2026-02-12T17:30:00+00:00,NVDA,189.555,189.26,187.34,192.98,False,False,0.5,,0.0,False,24,False,False,0.5,,0.0,False,2026-02-03T18:00:00+00:00,116,True,True
2026-02-12T18:00:00+00:00,NVDA,189.66,189.555,187.34,192.98,False,False,0.5,,0.0,False,24,False,False,0.5,,0.0,False,2026-02-03T18:00:00+00:00,117,True,True
2026-02-12T18:30:00+00:00,NVDA,189.285,189.66,187.34,192.98,False,False,0.5,,0.0,False,24,False,False,0.5,,0.0,False,2026-02-03T18:00:00+00:00,118,True,True
2026-02-12T19:00:00+00:00,NVDA,189.86,189.285,187.34,192.98,False,False,0.5,,0.0,False,24,False,False,0.5,,0.0,False,2026-02-03T18:00:00+00:00,119,True,True
2026-02-12T19:30:00+00:00,NVDA,189.125,189.86,187.34,192.98,False,False,0.5,,0.0,False,24,False,False,0.5,,0.0,False,2026-02-03T18:00:00+00:00,120,True,True
2026-02-12T20:00:00+00:00,NVDA,188.3,189.125,187.34,192.98,False,False,0.5,,0.0,False,24,False,False,0.5,,0.0,False,2026-02-03T18:00:00+00:00,121,True,True
2026-02-12T20:30:00+00:00,NVDA,187.58,188.3,187.34,192.98,False,False,0.5,,0.0,False,24,False,False,0.5,,0.0,False,2026-02-03T18:00:00+00:00,122,True,True
2026-02-12T21:00:00+00:00,NVDA,186.62,187.58,187.34,192.98,False,False,0.5,,0.0,False,24,False,False,0.5,,0.0,False,2026-02-03T18:00:00+00:00,123,True,True
2026-02-12T21:30:00+00:00,NVDA,188.0,186.62,186.62,192.98,False,False,0.5,,0.0,False,24,False,False,0.5,,0.0,False,2026-02-03T18:00:00+00:00,124,True,True
2026-02-13T13:00:00+00:00,NVDA,186.73,188.0,186.62,192.98,False,False,0.5,,0.0,False,24,False,False,0.5,,0.0,False,2026-02-03T18:00:00+00:00,125,True,True
2026-02-13T13:30:00+00:00,NVDA,187.4,186.73,186.62,192.98,False,False,0.5,,0.0,False,24,False,False,0.5,,0.0,False,2026-02-03T18:00:00+00:00,126,True,True
2026-02-13T14:00:00+00:00,NVDA,187.62,187.4,186.62,192.98,False,False,0.5,,0.0,False,24,False,False,0.5,,0.0,False,2026-02-03T18:00:00+00:00,127,True,True
2026-02-13T14:30:00+00:00,NVDA,187.405,187.62,186.62,192.98,False,False,0.5,,0.0,False,24,False,False,0.5,,0.0,False,2026-02-03T18:00:00+00:00,128,True,True
2026-02-13T15:00:00+00:00,NVDA,182.38,187.405,186.62,192.98,False,False,0.5,,0.0,False,24,False,False,0.5,,0.0,False,2026-02-03T18:00:00+00:00,129,True,True
2026-02-13T15:30:00+00:00,NVDA,184.14,182.38,182.38,192.98,False,False,0.5,,0.0,False,24,False,False,0.5,,0.0,False,2026-02-03T18:00:00+00:00,130,True,True
2026-02-13T16:00:00+00:00,NVDA,183.39,184.14,182.38,192.98,False,False,0.5,,0.0,False,24,False,False,0.5,,0.0,False,2026-02-03T18:00:00+00:00,131,True,True
2026-02-13T16:30:00+00:00,NVDA,183.59,183.39,182.38,192.98,False,False,0.5,,0.0,False,24,False,False,0.5,,0.0,False,2026-02-03T18:00:00+00:00,132,True,True
2026-02-13T17:00:00+00:00,NVDA,183.855,183.59,182.38,192.98,False,False,0.5,,0.0,False,24,False,False,0.5,,0.0,False,2026-02-03T18:00:00+00:00,133,True,True
2026-02-13T17:30:00+00:00,NVDA,184.545,183.855,182.38,192.98,False,False,0.5,,0.0,False,24,False,False,0.5,,0.0,False,2026-02-03T18:00:00+00:00,134,True,True
2026-02-13T18:00:00+00:00,NVDA,184.0,184.545,182.38,191.7,False,False,0.5,,0.0,False,24,False,False,0.5,,0.0,False,2026-02-03T18:00:00+00:00,135,True,True
2026-02-13T18:30:00+00:00,NVDA,184.19,184.0,182.38,191.7,False,False,0.5,,0.0,False,24,False,False,0.5,,0.0,False,2026-02-03T18:00:00+00:00,136,True,True
2026-02-13T19:00:00+00:00,NVDA,184.21,184.19,182.38,189.86,False,False,0.5,,0.0,False,24,False,False,0.5,,0.0,False,2026-02-03T18:00:00+00:00,137,True,True
2026-02-13T19:30:00+00:00,NVDA,183.72,184.21,182.38,189.86,False,False,0.5,,0.0,False,24,False,False,0.5,,0.0,False,2026-02-03T18:00:00+00:00,138,True,True
2026-02-13T20:00:00+00:00,NVDA,182.86,183.72,182.38,189.86,False,False,0.5,,0.0,False,24,False,False,0.5,,0.0,False,2026-02-03T18:00:00+00:00,139,True,True
2026-02-13T20:30:00+00:00,NVDA,182.37,182.86,182.38,189.86,False,False,0.5,,0.0,False,24,False,False,0.5,,0.0,False,2026-02-03T18:00:00+00:00,140,True,True
2026-02-13T21:00:00+00:00,NVDA,182.94,182.37,182.37,189.86,False,False,0.5,,0.0,False,24,False,False,0.5,,0.0,False,2026-02-03T18:00:00+00:00,141,True,True
2026-02-17T13:30:00+00:00,NVDA,181.34,182.94,182.37,189.86,False,False,0.5,,0.0,False,24,False,False,0.5,,0.0,False,2026-02-03T18:00:00+00:00,142,True,True
2026-02-17T14:00:00+00:00,NVDA,181.27,181.34,181.34,189.86,False,False,0.5,,0.0,False,24,False,False,0.5,,0.0,False,2026-02-03T18:00:00+00:00,143,True,True
2026-02-17T14:30:00+00:00,NVDA,181.75,181.27,181.27,189.125,False,False,0.5,,0.0,False,24,False,False,0.5,,0.0,False,2026-02-03T18:00:00+00:00,144,True,True
2026-02-17T15:00:00+00:00,NVDA,179.245,181.75,181.27,188.3,False,False,0.5,,0.0,False,24,False,False,0.5,,0.0,False,2026-02-03T18:00:00+00:00,145,True,True
2026-02-17T15:30:00+00:00,NVDA,180.55,179.245,179.245,188.0,False,False,0.5,,0.0,False,24,False,False,0.5,,0.0,False,2026-02-03T18:00:00+00:00,146,True,True
2026-02-17T16:00:00+00:00,NVDA,181.87,180.55,179.245,188.0,False,False,0.5,,0.0,False,24,False,False,0.5,,0.0,False,2026-02-03T18:00:00+00:00,147,True,True
2026-02-17T16:30:00+00:00,NVDA,183.52,181.87,179.245,188.0,False,False,0.5,,0.0,False,24,False,False,0.5,,0.0,False,2026-02-03T18:00:00+00:00,148,True,True
2026-02-17T17:00:00+00:00,NVDA,184.1,183.52,179.245,187.62,False,False,0.5,,0.0,False,24,False,False,0.5,,0.0,False,2026-02-03T18:00:00+00:00,149,True,True
2026-02-17T17:30:00+00:00,NVDA,184.755,184.1,179.245,187.62,False,False,0.5,,0.0,False,24,False,False,0.5,,0.0,False,2026-02-03T18:00:00+00:00,150,True,True
2026-02-17T18:00:00+00:00,NVDA,184.88,184.755,179.245,187.62,False,False,0.5,,0.0,False,24,False,False,0.5,,0.0,False,2026-02-03T18:00:00+00:00,151,True,True
2026-02-17T18:30:00+00:00,NVDA,185.31,184.88,179.245,187.405,False,False,0.5,,0.0,False,24,False,False,0.5,,0.0,False,2026-02-03T18:00:00+00:00,152,True,True
2026-02-17T19:00:00+00:00,NVDA,185.47,185.31,179.245,185.31,False,False,0.5,,0.0,False,24,False,False,0.5,,0.0,False,2026-02-03T18:00:00+00:00,153,True,True
2026-02-17T19:30:00+00:00,NVDA,186.43,185.47,179.245,185.47,False,False,0.5,,0.0,False,24,False,False,0.5,,0.0,False,2026-02-03T18:00:00+00:00,154,True,True
2026-02-17T20:00:00+00:00,NVDA,185.965,186.43,179.245,186.43,False,False,0.5,,0.0,False,24,False,False,0.5,,0.0,False,2026-02-03T18:00:00+00:00,155,True,True
2026-02-17T20:30:00+00:00,NVDA,185.37,185.965,179.245,186.43,False,False,0.5,,0.0,False,24,False,False,0.5,,0.0,False,2026-02-03T18:00:00+00:00,156,True,True
2026-02-17T21:30:00+00:00,NVDA,187.43,185.37,179.245,186.43,False,False,0.5,,0.0,False,24,False,False,0.5,,0.0,False,2026-02-03T18:00:00+00:00,157,True,True
2026-02-18T14:30:00+00:00,NVDA,188.64,187.43,179.245,187.43,False,False,0.5,,0.0,False,24,False,False,0.5,,0.0,False,2026-02-03T18:00:00+00:00,158,True,True
2026-02-18T15:00:00+00:00,NVDA,188.725,188.64,179.245,188.64,False,False,0.5,,0.0,False,24,False,False,0.5,,0.0,False,2026-02-03T18:00:00+00:00,159,True,True
2026-02-18T15:30:00+00:00,NVDA,189.75,188.725,179.245,188.725,False,False,0.5,,0.0,False,24,False,False,0.5,,0.0,False,2026-02-03T18:00:00+00:00,160,True,True
2026-02-18T16:00:00+00:00,NVDA,189.865,189.75,179.245,189.75,False,False,0.5,,0.0,False,24,False,False,0.5,,0.0,False,2026-02-03T18:00:00+00:00,161,True,True
2026-02-18T16:30:00+00:00,NVDA,189.755,189.865,179.245,189.865,False,True,0.56358167,SELL,0.0,False,24,False,True,0.56358167,SELL,0.0,False,2026-02-03T18:00:00+00:00,162,True,True
2026-02-18T17:00:00+00:00,NVDA,188.8,189.755,179.245,189.865,False,True,0.5234554,SELL,0.0,False,24,False,True,0.5234554,SELL,0.0,False,2026-02-03T18:00:00+00:00,163,True,True
2026-02-18T17:30:00+00:00,NVDA,189.12,188.8,179.245,189.865,False,False,0.5,,0.0,False,24,False,False,0.5,,0.0,False,2026-02-03T18:00:00+00:00,164,True,True
2026-02-18T18:00:00+00:00,NVDA,189.115,189.12,179.245,189.865,False,True,0.53636461,SELL,0.0,False,24,False,True,0.53636461,SELL,0.0,False,2026-02-03T18:00:00+00:00,165,True,True
2026-02-18T18:30:00+00:00,NVDA,188.94,189.115,179.245,189.865,False,True,0.52915402,SELL,0.0,False,24,False,True,0.52915402,SELL,0.0,False,2026-02-03T18:00:00+00:00,166,True,True
2026-02-18T19:00:00+00:00,NVDA,188.73,188.94,179.245,189.865,False,True,0.52062915,SELL,0.0,False,24,False,True,0.52062915,SELL,0.0,False,2026-02-03T18:00:00+00:00,167,True,True
2026-02-18T19:30:00+00:00,NVDA,188.615,188.73,179.245,189.865,False,True,0.51601911,SELL,0.0,False,24,False,True,0.51601911,SELL,0.0,False,2026-02-03T18:00:00+00:00,168,True,True
2026-02-18T20:00:00+00:00,NVDA,187.04,188.615,179.245,189.865,False,False,0.5,,0.0,False,24,False,False,0.5,,0.0,False,2026-02-03T18:00:00+00:00,169,True,True
2026-02-18T20:30:00+00:00,NVDA,186.95,187.04,180.55,189.865,False,False,0.5,,0.0,False,24,False,False,0.5,,0.0,False,2026-02-03T18:00:00+00:00,170,True,True
2026-02-18T21:00:00+00:00,NVDA,187.8,186.95,181.87,189.865,False,False,0.5,,0.0,False,24,False,False,0.5,,0.0,False,2026-02-03T18:00:00+00:00,171,True,True
2026-02-19T14:00:00+00:00,NVDA,186.94,187.8,183.52,189.865,False,False,0.5,,0.0,False,24,False,False,0.5,,0.0,False,2026-02-03T18:00:00+00:00,172,True,True
2026-02-19T14:30:00+00:00,NVDA,187.02,186.94,184.1,189.865,False,False,0.5,,0.0,False,24,False,False,0.5,,0.0,False,2026-02-03T18:00:00+00:00,173,True,True
2026-02-19T15:00:00+00:00,NVDA,186.77,187.02,184.755,189.865,False,False,0.5,,0.0,False,24,False,False,0.5,,0.0,False,2026-02-03T18:00:00+00:00,174,True,True
2026-02-19T15:30:00+00:00,NVDA,187.62,186.77,184.88,189.865,False,False,0.5,,0.0,False,24,False,False,0.5,,0.0,False,2026-02-03T18:00:00+00:00,175,True,True
2026-02-19T16:00:00+00:00,NVDA,187.92,187.62,185.31,189.865,False,False,0.5,,0.0,False,24,False,False,0.5,,0.0,False,2026-02-03T18:00:00+00:00,176,True,True
2026-02-19T16:30:00+00:00,NVDA,187.415,187.92,185.37,189.865,False,False,0.5,,0.0,False,24,False,False,0.5,,0.0,False,2026-02-03T18:00:00+00:00,177,True,True
2026-02-19T17:00:00+00:00,NVDA,186.71,187.415,185.37,189.865,False,False,0.5,,0.0,False,24,False,False,0.5,,0.0,False,2026-02-03T18:00:00+00:00,178,True,True
2026-02-19T17:30:00+00:00,NVDA,186.61,186.71,185.37,189.865,False,False,0.5,,0.0,False,24,False,False,0.5,,0.0,False,2026-02-03T18:00:00+00:00,179,True,True
2026-02-19T18:00:00+00:00,NVDA,185.92,186.61,185.37,189.865,False,False,0.5,,0.0,False,24,False,False,0.5,,0.0,False,2026-02-03T18:00:00+00:00,180,True,True
2026-02-19T18:30:00+00:00,NVDA,186.23,185.92,185.92,189.865,False,False,0.5,,0.0,False,24,False,False,0.5,,0.0,False,2026-02-03T18:00:00+00:00,181,True,True
2026-02-19T19:00:00+00:00,NVDA,186.71,186.23,185.92,189.865,False,False,0.5,,0.0,False,24,False,False,0.5,,0.0,False,2026-02-03T18:00:00+00:00,182,True,True
2026-02-19T19:30:00+00:00,NVDA,186.525,186.71,185.92,189.865,False,False,0.5,,0.0,False,24,False,False,0.5,,0.0,False,2026-02-03T18:00:00+00:00,183,True,True
2026-02-19T20:00:00+00:00,NVDA,186.575,186.525,185.92,189.865,False,False,0.5,,0.0,False,24,False,False,0.5,,0.0,False,2026-02-03T18:00:00+00:00,184,True,True
2026-02-19T20:30:00+00:00,NVDA,186.77,186.575,185.92,189.865,False,False,0.5,,0.0,False,24,False,False,0.5,,0.0,False,2026-02-03T18:00:00+00:00,185,True,True
2026-02-19T21:00:00+00:00,NVDA,187.87,186.77,185.92,189.755,False,False,0.5,,0.0,False,24,False,False,0.5,,0.0,False,2026-02-03T18:00:00+00:00,186,True,True
2026-02-20T13:00:00+00:00,NVDA,187.31,187.87,185.92,189.12,False,False,0.5,,0.0,False,24,False,False,0.5,,0.0,False,2026-02-03T18:00:00+00:00,187,True,True
2026-02-20T14:00:00+00:00,NVDA,186.29,187.31,185.92,189.12,False,False,0.5,,0.0,False,24,False,False,0.5,,0.0,False,2026-02-03T18:00:00+00:00,188,True,True
2026-02-20T14:30:00+00:00,NVDA,186.53,186.29,185.92,189.115,False,False,0.5,,0.0,False,24,False,False,0.5,,0.0,False,2026-02-03T18:00:00+00:00,189,True,True
2026-02-20T15:00:00+00:00,NVDA,187.7,186.53,185.92,188.94,False,False,0.5,,0.0,False,24,False,False,0.5,,0.0,False,2026-02-03T18:00:00+00:00,190,True,True
2026-02-20T15:30:00+00:00,NVDA,187.81,187.7,185.92,188.73,False,False,0.5,,0.0,False,24,False,False,0.5,,0.0,False,2026-02-03T18:00:00+00:00,191,True,True
2026-02-20T16:00:00+00:00,NVDA,190.065,187.81,185.92,188.615,False,False,0.5,,0.0,False,24,False,False,0.5,,0.0,False,2026-02-03T18:00:00+00:00,192,True,True
2026-02-20T16:30:00+00:00,NVDA,188.77,190.065,185.92,190.065,False,False,0.5,,0.0,False,24,False,False,0.5,,0.0,False,2026-02-03T18:00:00+00:00,193,True,True
2026-02-20T17:00:00+00:00,NVDA,189.81,188.77,185.92,190.065,False,False,0.5,,0.0,False,24,False,False,0.5,,0.0,False,2026-02-03T18:00:00+00:00,194,True,True
2026-02-20T17:30:00+00:00,NVDA,187.95,189.81,185.92,190.065,False,False,0.5,,0.0,False,24,False,False,0.5,,0.0,False,2026-02-03T18:00:00+00:00,195,True,True
2026-02-20T18:00:00+00:00,NVDA,188.69,187.95,185.92,190.065,False,False,0.5,,0.0,False,24,False,False,0.5,,0.0,False,2026-02-03T18:00:00+00:00,196,True,True
2026-02-20T18:30:00+00:00,NVDA,188.68,188.69,185.92,190.065,False,False,0.5,,0.0,False,24,False,False,0.5,,0.0,False,2026-02-03T18:00:00+00:00,197,True,True
2026-02-20T19:00:00+00:00,NVDA,189.825,188.68,185.92,190.065,False,False,0.5,,0.0,False,24,False,False,0.5,,0.0,False,2026-02-03T18:00:00+00:00,198,True,True
2026-02-20T19:30:00+00:00,NVDA,189.37,189.825,185.92,190.065,False,False,0.5,,0.0,False,24,False,False,0.5,,0.0,False,2026-02-03T18:00:00+00:00,199,True,True
2026-02-20T20:00:00+00:00,NVDA,189.315,189.37,185.92,190.065,False,False,0.5,,0.0,False,24,False,False,0.5,,0.0,False,2026-02-03T18:00:00+00:00,200,True,True
2026-02-20T20:30:00+00:00,NVDA,189.42,189.315,185.92,190.065,False,False,0.5,,0.0,False,24,False,False,0.5,,0.0,False,2026-02-03T18:00:00+00:00,201,True,True
2026-02-20T21:30:00+00:00,NVDA,189.32,189.42,185.92,190.065,False,False,0.5,,0.0,False,24,False,False,0.5,,0.0,False,2026-02-03T18:00:00+00:00,202,True,True
2026-02-23T14:00:00+00:00,NVDA,191.38,189.32,185.92,190.065,False,False,0.5,,0.0,False,24,False,False,0.5,,0.0,False,2026-02-03T18:00:00+00:00,203,True,True
2026-02-23T14:30:00+00:00,NVDA,191.405,191.38,185.92,191.38,False,False,0.5,,0.0,False,24,False,False,0.5,,0.0,False,2026-02-03T18:00:00+00:00,204,True,True
2026-02-23T15:00:00+00:00,NVDA,193.11,191.405,186.23,191.405,False,False,0.5,,0.0,False,24,False,False,0.5,,0.0,False,2026-02-03T18:00:00+00:00,205,True,True
2026-02-23T15:30:00+00:00,NVDA,191.32,193.11,186.29,193.11,False,False,0.5,,0.0,False,24,False,False,0.5,,0.0,False,2026-02-03T18:00:00+00:00,206,True,True
2026-02-23T16:00:00+00:00,NVDA,190.265,191.32,186.29,193.11,False,False,0.5,,0.0,False,24,False,False,0.5,,0.0,False,2026-02-03T18:00:00+00:00,207,True,True
2026-02-23T16:30:00+00:00,NVDA,190.49,190.265,186.29,193.11,False,False,0.5,,0.0,False,24,False,False,0.5,,0.0,False,2026-02-03T18:00:00+00:00,208,True,True
2026-02-23T17:00:00+00:00,NVDA,190.695,190.49,186.29,193.11,False,False,0.5,,0.0,False,24,False,False,0.5,,0.0,False,2026-02-03T18:00:00+00:00,209,True,True
2026-02-23T17:30:00+00:00,NVDA,190.965,190.695,186.29,193.11,False,False,0.5,,0.0,False,24,False,False,0.5,,0.0,False,2026-02-03T18:00:00+00:00,210,True,True
2026-02-23T18:00:00+00:00,NVDA,191.045,190.965,186.29,193.11,False,False,0.5,,0.0,False,24,False,False,0.5,,0.0,False,2026-02-03T18:00:00+00:00,211,True,True
2026-02-23T18:30:00+00:00,NVDA,191.46,191.045,186.29,193.11,False,False,0.5,,0.0,False,24,False,False,0.5,,0.0,False,2026-02-03T18:00:00+00:00,212,True,True
2026-02-23T19:00:00+00:00,NVDA,190.92,191.46,186.53,193.11,False,False,0.5,,0.0,False,24,False,False,0.5,,0.0,False,2026-02-03T18:00:00+00:00,213,True,True
2026-02-23T19:30:00+00:00,NVDA,190.565,190.92,187.7,193.11,False,False,0.5,,0.0,False,24,False,False,0.5,,0.0,False,2026-02-03T18:00:00+00:00,214,True,True
2026-02-23T20:00:00+00:00,NVDA,190.44,190.565,187.81,193.11,False,False,0.5,,0.0,False,24,False,False,0.5,,0.0,False,2026-02-03T18:00:00+00:00,215,True,True
2026-02-23T20:30:00+00:00,NVDA,190.945,190.44,187.95,193.11,False,False,0.5,,0.0,False,24,False,False,0.5,,0.0,False,2026-02-03T18:00:00+00:00,216,True,True
2026-02-23T21:00:00+00:00,NVDA,191.62,190.945,187.95,193.11,False,False,0.5,,0.0,False,24,False,False,0.5,,0.0,False,2026-02-03T18:00:00+00:00,217,True,True
2026-02-23T21:30:00+00:00,NVDA,191.47,191.62,187.95,193.11,False,False,0.5,,0.0,False,24,False,False,0.5,,0.0,False,2026-02-03T18:00:00+00:00,218,True,True
2026-02-24T13:30:00+00:00,NVDA,190.46,191.47,187.95,193.11,False,False,0.5,,0.0,False,24,False,False,0.5,,0.0,False,2026-02-03T18:00:00+00:00,219,True,True
2026-02-24T14:30:00+00:00,NVDA,191.465,190.46,188.68,193.11,False,False,0.5,,0.0,False,24,False,False,0.5,,0.0,False,2026-02-03T18:00:00+00:00,220,True,True
2026-02-24T15:00:00+00:00,NVDA,189.7,191.465,188.68,193.11,False,False,0.5,,0.0,False,24,False,False,0.5,,0.0,False,2026-02-03T18:00:00+00:00,221,True,True
2026-02-24T15:30:00+00:00,NVDA,192.02,189.7,189.315,193.11,False,False,0.5,,0.0,False,24,False,False,0.5,,0.0,False,2026-02-03T18:00:00+00:00,222,True,True
2026-02-24T16:00:00+00:00,NVDA,192.24,192.02,189.315,193.11,False,False,0.5,,0.0,False,24,False,False,0.5,,0.0,False,2026-02-03T18:00:00+00:00,223,True,True
2026-02-24T16:30:00+00:00,NVDA,192.125,192.24,189.315,193.11,False,False,0.5,,0.0,False,24,False,False,0.5,,0.0,False,2026-02-03T18:00:00+00:00,224,True,True
2026-02-24T17:00:00+00:00,NVDA,192.915,192.125,189.32,193.11,False,False,0.5,,0.0,False,24,False,False,0.5,,0.0,False,2026-02-03T18:00:00+00:00,225,True,True
2026-02-24T17:30:00+00:00,NVDA,193.18,192.915,189.32,193.11,False,False,0.5,,0.0,False,24,False,False,0.5,,0.0,False,2026-02-03T18:00:00+00:00,226,True,True
2026-02-24T18:00:00+00:00,NVDA,193.08,193.18,189.7,193.18,False,False,0.5,,0.0,False,24,False,False,0.5,,0.0,False,2026-02-03T18:00:00+00:00,227,True,True
2026-02-24T18:30:00+00:00,NVDA,192.93,193.08,189.7,193.18,False,False,0.5,,0.0,False,24,False,False,0.5,,0.0,False,2026-02-03T18:00:00+00:00,228,True,True
2026-02-24T19:00:00+00:00,NVDA,192.64,192.93,189.7,193.18,False,False,0.5,,0.0,False,24,False,False,0.5,,0.0,False,2026-02-03T18:00:00+00:00,229,True,True
2026-02-24T19:30:00+00:00,NVDA,192.45,192.64,189.7,193.18,False,False,0.5,,0.0,False,24,False,False,0.5,,0.0,False,2026-02-03T18:00:00+00:00,230,True,True
2026-02-24T20:00:00+00:00,NVDA,192.73,192.45,189.7,193.18,False,False,0.5,,0.0,False,24,False,False,0.5,,0.0,False,2026-02-03T18:00:00+00:00,231,True,True
2026-02-24T20:30:00+00:00,NVDA,192.79,192.73,189.7,193.18,False,False,0.5,,0.0,False,24,False,False,0.5,,0.0,False,2026-02-03T18:00:00+00:00,232,True,True
2026-02-25T13:30:00+00:00,NVDA,194.45,192.79,189.7,193.18,False,False,0.5,,0.0,False,24,False,False,0.5,,0.0,False,2026-02-03T18:00:00+00:00,233,True,True
2026-02-25T14:00:00+00:00,NVDA,194.48,194.45,189.7,194.45,False,False,0.5,,0.0,False,24,False,False,0.5,,0.0,False,2026-02-03T18:00:00+00:00,234,True,True
2026-02-25T14:30:00+00:00,NVDA,194.47,194.48,189.7,194.48,False,False,0.5,,0.0,False,24,False,False,0.5,,0.0,False,2026-02-03T18:00:00+00:00,235,True,True
2026-02-25T15:00:00+00:00,NVDA,195.89,194.47,189.7,194.48,False,False,0.5,,0.0,False,24,False,False,0.5,,0.0,False,2026-02-03T18:00:00+00:00,236,True,True
2026-02-25T15:30:00+00:00,NVDA,196.05,195.89,189.7,195.89,False,False,0.5,,0.0,False,24,False,False,0.5,,0.0,False,2026-02-03T18:00:00+00:00,237,True,True
2026-02-25T16:00:00+00:00,NVDA,196.21,196.05,189.7,196.05,False,False,0.5,,0.0,False,24,False,False,0.5,,0.0,False,2026-02-03T18:00:00+00:00,238,True,True
2026-02-25T16:30:00+00:00,NVDA,196.345,196.21,189.7,196.21,False,False,0.5,,0.0,False,24,False,False,0.5,,0.0,False,2026-02-03T18:00:00+00:00,239,True,True
2026-02-25T17:00:00+00:00,NVDA,197.07,196.345,189.7,196.345,False,False,0.5,,0.0,False,24,False,False,0.5,,0.0,False,2026-02-03T18:00:00+00:00,240,True,True
2026-02-25T17:30:00+00:00,NVDA,197.375,197.07,189.7,197.07,False,False,0.5,,0.0,False,24,False,False,0.5,,0.0,False,2026-02-03T18:00:00+00:00,241,True,True
2026-02-25T18:00:00+00:00,NVDA,197.085,197.375,189.7,197.375,False,False,0.5,,0.0,False,24,False,False,0.5,,0.0,False,2026-02-03T18:00:00+00:00,242,True,True
2026-02-25T18:30:00+00:00,NVDA,196.715,197.085,189.7,197.375,False,False,0.5,,0.0,False,24,False,False,0.5,,0.0,False,2026-02-03T18:00:00+00:00,243,True,True
2026-02-25T19:00:00+00:00,NVDA,196.61,196.715,189.7,197.375,False,False,0.5,,0.0,False,24,False,False,0.5,,0.0,False,2026-02-03T18:00:00+00:00,244,True,True
2026-02-25T19:30:00+00:00,NVDA,197.085,196.61,189.7,197.375,False,False,0.5,,0.0,False,24,False,False,0.5,,0.0,False,2026-02-03T18:00:00+00:00,245,True,True
2026-02-25T20:00:00+00:00,NVDA,197.175,197.085,192.02,197.375,False,False,0.5,,0.0,False,24,False,False,0.5,,0.0,False,2026-02-03T18:00:00+00:00,246,True,True
2026-02-25T20:30:00+00:00,NVDA,196.9,197.175,192.125,197.375,False,False,0.5,,0.0,False,24,False,False,0.5,,0.0,False,2026-02-03T18:00:00+00:00,247,True,True
2026-02-25T21:30:00+00:00,NVDA,200.47,196.9,192.125,197.375,False,False,0.5,,0.0,False,24,False,False,0.5,,0.0,False,2026-02-03T18:00:00+00:00,248,True,True
2026-02-26T13:30:00+00:00,NVDA,197.12,200.47,192.45,200.47,False,False,0.5,,0.0,False,24,False,False,0.5,,0.0,False,2026-02-03T18:00:00+00:00,249,True,True
2026-02-26T14:00:00+00:00,NVDA,195.1,197.12,192.45,200.47,False,False,0.5,,0.0,False,24,False,False,0.5,,0.0,False,2026-02-03T18:00:00+00:00,250,True,True
2026-02-26T14:30:00+00:00,NVDA,194.13,195.1,192.45,200.47,False,False,0.5,,0.0,False,24,False,False,0.5,,0.0,False,2026-02-03T18:00:00+00:00,251,True,True
2026-02-26T15:00:00+00:00,NVDA,189.39,194.13,192.45,200.47,False,False,0.5,,0.0,False,24,False,False,0.5,,0.0,False,2026-02-03T18:00:00+00:00,252,True,True
2026-02-26T15:30:00+00:00,NVDA,186.12,189.39,189.39,200.47,False,False,0.5,,0.0,False,24,False,False,0.5,,0.0,False,2026-02-03T18:00:00+00:00,253,True,True
2026-02-26T16:00:00+00:00,NVDA,186.295,186.12,186.12,200.47,True,False,0.666269,BUY,1.0,True,277,True,False,0.666269,BUY,1.0,True,2026-02-26T15:30:00+00:00,254,True,True
2026-02-26T16:30:00+00:00,NVDA,187.76,186.295,186.12,186.295,False,False,0.5,,0.0,False,277,False,False,0.5,,0.0,False,2026-02-26T15:30:00+00:00,277,True,True
2026-02-26T17:00:00+00:00,NVDA,185.915,187.76,186.12,187.76,False,False,0.5,,0.0,False,277,False,False,0.5,,0.0,False,2026-02-26T15:30:00+00:00,277,True,True
2026-02-26T17:30:00+00:00,NVDA,187.565,185.915,185.915,187.76,False,False,0.5,,0.0,False,277,False,False,0.5,,0.0,False,2026-02-26T15:30:00+00:00,277,True,True
2026-02-26T18:00:00+00:00,NVDA,186.75,187.565,185.915,187.76,False,False,0.5,,0.0,False,277,False,False,0.5,,0.0,False,2026-02-26T15:30:00+00:00,277,True,True
2026-02-26T18:30:00+00:00,NVDA,185.33,186.75,185.915,187.76,False,False,0.5,,0.0,False,277,False,False,0.5,,0.0,False,2026-02-26T15:30:00+00:00,277,True,True
2026-02-26T19:00:00+00:00,NVDA,185.25,185.33,185.33,187.76,False,False,0.5,,0.0,False,277,False,False,0.5,,0.0,False,2026-02-26T15:30:00+00:00,277,True,True
2026-02-26T19:30:00+00:00,NVDA,185.31,185.25,185.25,187.76,False,False,0.5,,0.0,False,277,False,False,0.5,,0.0,False,2026-02-26T15:30:00+00:00,277,True,True
2026-02-26T20:00:00+00:00,NVDA,185.365,185.31,185.25,187.76,False,False,0.5,,0.0,False,277,False,False,0.5,,0.0,False,2026-02-26T15:30:00+00:00,277,True,True
2026-02-26T20:30:00+00:00,NVDA,184.68,185.365,185.25,187.76,False,False,0.5,,0.0,False,277,False,False,0.5,,0.0,False,2026-02-26T15:30:00+00:00,277,True,True
2026-02-27T13:00:00+00:00,NVDA,184.07,184.68,184.68,187.76,False,False,0.5,,0.0,False,277,False,False,0.5,,0.0,False,2026-02-26T15:30:00+00:00,277,True,True
2026-02-27T13:30:00+00:00,NVDA,181.77,184.07,184.07,187.76,False,False,0.5,,0.0,False,277,False,False,0.5,,0.0,False,2026-02-26T15:30:00+00:00,277,True,True
2026-02-27T14:00:00+00:00,NVDA,182.01,181.77,181.77,187.76,False,False,0.5,,0.0,False,277,False,False,0.5,,0.0,False,2026-02-26T15:30:00+00:00,277,True,True
2026-02-27T14:30:00+00:00,NVDA,181.24,182.01,181.77,187.76,False,False,0.5,,0.0,False,277,False,False,0.5,,0.0,False,2026-02-26T15:30:00+00:00,277,True,True
2026-02-27T15:00:00+00:00,NVDA,179.785,181.24,181.24,187.76,False,False,0.5,,0.0,False,277,False,False,0.5,,0.0,False,2026-02-26T15:30:00+00:00,277,True,True
2026-02-27T15:30:00+00:00,NVDA,181.84,179.785,179.785,187.76,False,False,0.5,,0.0,False,277,False,False,0.5,,0.0,False,2026-02-26T15:30:00+00:00,277,True,True
2026-02-27T16:00:00+00:00,NVDA,181.5,181.84,179.785,187.76,False,False,0.5,,0.0,False,277,False,False,0.5,,0.0,False,2026-02-26T15:30:00+00:00,277,True,True
2026-02-27T16:30:00+00:00,NVDA,181.025,181.5,179.785,187.76,False,False,0.5,,0.0,False,277,False,False,0.5,,0.0,False,2026-02-26T15:30:00+00:00,277,True,True
2026-02-27T17:00:00+00:00,NVDA,180.33,181.025,179.785,187.76,False,False,0.5,,0.0,False,277,False,False,0.5,,0.0,False,2026-02-26T15:30:00+00:00,277,True,True
2026-02-27T17:30:00+00:00,NVDA,179.94,180.33,179.785,187.76,False,False,0.5,,0.0,False,277,False,False,0.5,,0.0,False,2026-02-26T15:30:00+00:00,277,True,True
2026-02-27T18:00:00+00:00,NVDA,179.755,179.94,179.785,187.76,False,False,0.5,,0.0,False,277,False,False,0.5,,0.0,False,2026-02-26T15:30:00+00:00,277,True,True
2026-02-27T18:30:00+00:00,NVDA,178.96,179.755,179.755,187.76,False,False,0.5,,0.0,False,277,False,False,0.5,,0.0,False,2026-02-26T15:30:00+00:00,277,True,True
2026-02-27T19:00:00+00:00,NVDA,178.39,178.96,178.96,187.76,False,False,0.5,,0.0,False,277,False,False,0.5,,0.0,False,2026-02-26T15:30:00+00:00,277,True,True
2026-02-27T19:30:00+00:00,NVDA,178.65,178.39,178.39,187.76,False,False,0.5,,0.0,False,277,False,False,0.5,,0.0,False,2026-02-26T15:30:00+00:00,277,True,True
2026-02-27T20:00:00+00:00,NVDA,179.36,178.65,178.39,187.76,False,False,0.5,,0.0,False,277,False,False,0.5,,0.0,False,2026-02-26T15:30:00+00:00,278,True,True
2026-02-27T20:30:00+00:00,NVDA,178.89,179.36,178.39,187.76,False,False,0.5,,0.0,False,277,False,False,0.5,,0.0,False,2026-02-26T15:30:00+00:00,279,True,True
2026-02-27T21:00:00+00:00,NVDA,177.62,178.89,178.39,187.565,False,False,0.5,,0.0,False,277,False,False,0.5,,0.0,False,2026-02-26T15:30:00+00:00,280,True,True
2026-02-27T21:30:00+00:00,NVDA,177.53,177.62,177.62,187.565,False,False,0.5,,0.0,False,277,False,False,0.5,,0.0,False,2026-02-26T15:30:00+00:00,281,True,True
2026-03-02T13:00:00+00:00,NVDA,174.29,177.53,177.53,186.75,False,False,0.5,,0.0,False,277,False,False,0.5,,0.0,False,2026-02-26T15:30:00+00:00,282,True,True
2026-03-02T13:30:00+00:00,NVDA,174.83,174.29,174.29,185.365,True,False,0.54968472,BUY,0.0,False,277,True,False,0.54968472,BUY,0.0,False,2026-02-26T15:30:00+00:00,283,True,True
2026-03-02T14:30:00+00:00,NVDA,174.81,174.83,174.29,185.365,False,False,0.5,,0.0,False,277,False,False,0.5,,0.0,False,2026-02-26T15:30:00+00:00,284,True,True
2026-03-02T15:00:00+00:00,NVDA,179.62,174.81,174.29,185.365,False,False,0.5,,0.0,False,277,False,False,0.5,,0.0,False,2026-02-26T15:30:00+00:00,285,True,True
2026-03-02T15:30:00+00:00,NVDA,180.545,179.62,174.29,185.365,False,False,0.5,,0.0,False,277,False,False,0.5,,0.0,False,2026-02-26T15:30:00+00:00,286,True,True
2026-03-02T16:00:00+00:00,NVDA,180.67,180.545,174.29,184.68,False,False,0.5,,0.0,False,277,False,False,0.5,,0.0,False,2026-02-26T15:30:00+00:00,287,True,True
2026-03-02T16:30:00+00:00,NVDA,180.9,180.67,174.29,184.07,False,False,0.5,,0.0,False,277,False,False,0.5,,0.0,False,2026-02-26T15:30:00+00:00,288,True,True
2026-03-02T17:00:00+00:00,NVDA,182.595,180.9,174.29,182.01,False,False,0.5,,0.0,False,277,False,False,0.5,,0.0,False,2026-02-26T15:30:00+00:00,289,True,True
2026-03-02T17:30:00+00:00,NVDA,183.04,182.595,174.29,182.595,False,False,0.5,,0.0,False,277,False,False,0.5,,0.0,False,2026-02-26T15:30:00+00:00,290,True,True
2026-03-02T18:00:00+00:00,NVDA,182.75,183.04,174.29,183.04,False,False,0.5,,0.0,False,277,False,False,0.5,,0.0,False,2026-02-26T15:30:00+00:00,291,True,True
2026-03-02T18:30:00+00:00,NVDA,182.46,182.75,174.29,183.04,False,False,0.5,,0.0,False,277,False,False,0.5,,0.0,False,2026-02-26T15:30:00+00:00,292,True,True
2026-03-02T19:00:00+00:00,NVDA,182.05,182.46,174.29,183.04,False,False,0.5,,0.0,False,277,False,False,0.5,,0.0,False,2026-02-26T15:30:00+00:00,293,True,True
2026-03-02T19:30:00+00:00,NVDA,182.66,182.05,174.29,183.04,False,False,0.5,,0.0,False,277,False,False,0.5,,0.0,False,2026-02-26T15:30:00+00:00,294,True,True
2026-03-02T20:00:00+00:00,NVDA,182.8,182.66,174.29,183.04,False,False,0.5,,0.0,False,277,False,False,0.5,,0.0,False,2026-02-26T15:30:00+00:00,295,True,True
2026-03-02T20:30:00+00:00,NVDA,182.16,182.8,174.29,183.04,False,False,0.5,,0.0,False,277,False,False,0.5,,0.0,False,2026-02-26T15:30:00+00:00,296,True,True
2026-03-02T21:00:00+00:00,NVDA,182.45,182.16,174.29,183.04,False,False,0.5,,0.0,False,277,False,False,0.5,,0.0,False,2026-02-26T15:30:00+00:00,297,True,True
2026-03-03T13:30:00+00:00,NVDA,177.63,182.45,174.29,183.04,False,False,0.5,,0.0,False,277,False,False,0.5,,0.0,False,2026-02-26T15:30:00+00:00,298,True,True
2026-03-03T14:00:00+00:00,NVDA,177.15,177.63,174.29,183.04,False,False,0.5,,0.0,False,277,False,False,0.5,,0.0,False,2026-02-26T15:30:00+00:00,299,True,True
2026-03-03T14:30:00+00:00,NVDA,178.48,177.15,174.29,183.04,False,False,0.5,,0.0,False,277,False,False,0.5,,0.0,False,2026-02-26T15:30:00+00:00,300,True,True
2026-03-03T15:00:00+00:00,NVDA,178.83,178.48,174.29,183.04,False,False,0.5,,0.0,False,277,False,False,0.5,,0.0,False,2026-02-26T15:30:00+00:00,301,True,True
2026-03-03T15:30:00+00:00,NVDA,177.76,178.83,174.29,183.04,False,False,0.5,,0.0,False,277,False,False,0.5,,0.0,False,2026-02-26T15:30:00+00:00,302,True,True
2026-03-03T16:00:00+00:00,NVDA,177.52,177.76,174.29,183.04,False,False,0.5,,0.0,False,277,False,False,0.5,,0.0,False,2026-02-26T15:30:00+00:00,303,True,True
2026-03-03T16:30:00+00:00,NVDA,179.29,177.52,174.29,183.04,False,False,0.5,,0.0,False,277,False,False,0.5,,0.0,False,2026-02-26T15:30:00+00:00,304,True,True
2026-03-03T17:00:00+00:00,NVDA,180.04,179.29,174.29,183.04,False,False,0.5,,0.0,False,277,False,False,0.5,,0.0,False,2026-02-26T15:30:00+00:00,305,True,True
2026-03-03T17:30:00+00:00,NVDA,180.09,180.04,174.29,183.04,False,False,0.5,,0.0,False,277,False,False,0.5,,0.0,False,2026-02-26T15:30:00+00:00,306,True,True
2026-03-03T18:00:00+00:00,NVDA,179.58,180.09,174.81,183.04,False,False,0.5,,0.0,False,277,False,False,0.5,,0.0,False,2026-02-26T15:30:00+00:00,307,True,True
2026-03-03T18:30:00+00:00,NVDA,180.17,179.58,174.81,183.04,False,False,0.5,,0.0,False,277,False,False,0.5,,0.0,False,2026-02-26T15:30:00+00:00,308,True,True
2026-03-03T19:00:00+00:00,NVDA,180.52,180.17,177.15,183.04,False,False,0.5,,0.0,False,277,False,False,0.5,,0.0,False,2026-02-26T15:30:00+00:00,309,True,True
2026-03-03T19:30:00+00:00,NVDA,179.55,180.52,177.15,183.04,False,False,0.5,,0.0,False,277,False,False,0.5,,0.0,False,2026-02-26T15:30:00+00:00,310,True,True
2026-03-03T20:00:00+00:00,NVDA,180.085,179.55,177.15,183.04,False,False,0.5,,0.0,False,277,False,False,0.5,,0.0,False,2026-02-26T15:30:00+00:00,311,True,True
2026-03-03T20:30:00+00:00,NVDA,180.2,180.085,177.15,183.04,False,False,0.5,,0.0,False,277,False,False,0.5,,0.0,False,2026-02-26T15:30:00+00:00,312,True,True
2026-03-04T13:00:00+00:00,NVDA,181.88,180.2,177.15,183.04,False,False,0.5,,0.0,False,277,False,False,0.5,,0.0,False,2026-02-26T15:30:00+00:00,313,True,True
2026-03-04T14:30:00+00:00,NVDA,180.37,181.88,177.15,183.04,False,False,0.5,,0.0,False,277,False,False,0.5,,0.0,False,2026-02-26T15:30:00+00:00,314,True,True
